<?xml version="1.0"?>
<link_info>
   <banner>MSP430 Linker PC v4.4.7</banner>
   <copyright>Copyright (c) 2003-2015 Texas Instruments Incorporated</copyright>
   <link_time>0x57b6d22e</link_time>
   <link_errors>0x0</link_errors>
   <output_file>GPIO AND USCI_UART (LIB).out</output_file>
   <entry_point>
      <name>_c_int00_noinit_noargs_noexit</name>
      <address>0xc272</address>
   </entry_point>
   <input_file_list>
      <input_file id="fl-2">
         <path>.\</path>
         <kind>object</kind>
         <file>main.obj</file>
         <name>main.obj</name>
      </input_file>
      <input_file id="fl-3">
         <path>.\Source Files\</path>
         <kind>object</kind>
         <file>CLOCK_1_2_3.obj</file>
         <name>CLOCK_1_2_3.obj</name>
      </input_file>
      <input_file id="fl-4">
         <path>.\Source Files\</path>
         <kind>object</kind>
         <file>GPIO_1_0_1.obj</file>
         <name>GPIO_1_0_1.obj</name>
      </input_file>
      <input_file id="fl-5">
         <path>.\Source Files\</path>
         <kind>object</kind>
         <file>USCI_UART_1_2_3.obj</file>
         <name>USCI_UART_1_2_3.obj</name>
      </input_file>
      <input_file id="fl-34">
         <path>C:\ti\ccsv6\tools\compiler\ti-cgt-msp430_4.4.7\lib\</path>
         <kind>archive</kind>
         <file>rts430_eabi.lib</file>
         <name>boot.obj</name>
      </input_file>
      <input_file id="fl-35">
         <path>C:\ti\ccsv6\tools\compiler\ti-cgt-msp430_4.4.7\lib\</path>
         <kind>archive</kind>
         <file>rts430_eabi.lib</file>
         <name>boot_special.obj</name>
      </input_file>
      <input_file id="fl-36">
         <path>C:\ti\ccsv6\tools\compiler\ti-cgt-msp430_4.4.7\lib\</path>
         <kind>archive</kind>
         <file>rts430_eabi.lib</file>
         <name>copy_decompress_none.obj</name>
      </input_file>
      <input_file id="fl-37">
         <path>C:\ti\ccsv6\tools\compiler\ti-cgt-msp430_4.4.7\lib\</path>
         <kind>archive</kind>
         <file>rts430_eabi.lib</file>
         <name>copy_decompress_rle.obj</name>
      </input_file>
      <input_file id="fl-38">
         <path>C:\ti\ccsv6\tools\compiler\ti-cgt-msp430_4.4.7\lib\</path>
         <kind>archive</kind>
         <file>rts430_eabi.lib</file>
         <name>copy_zero_init.obj</name>
      </input_file>
      <input_file id="fl-39">
         <path>C:\ti\ccsv6\tools\compiler\ti-cgt-msp430_4.4.7\lib\</path>
         <kind>archive</kind>
         <file>rts430_eabi.lib</file>
         <name>div16s.obj</name>
      </input_file>
      <input_file id="fl-3a">
         <path>C:\ti\ccsv6\tools\compiler\ti-cgt-msp430_4.4.7\lib\</path>
         <kind>archive</kind>
         <file>rts430_eabi.lib</file>
         <name>div16u.obj</name>
      </input_file>
      <input_file id="fl-3b">
         <path>C:\ti\ccsv6\tools\compiler\ti-cgt-msp430_4.4.7\lib\</path>
         <kind>archive</kind>
         <file>rts430_eabi.lib</file>
         <name>epilog.obj</name>
      </input_file>
      <input_file id="fl-3c">
         <path>C:\ti\ccsv6\tools\compiler\ti-cgt-msp430_4.4.7\lib\</path>
         <kind>archive</kind>
         <file>rts430_eabi.lib</file>
         <name>exit.obj</name>
      </input_file>
      <input_file id="fl-3d">
         <path>C:\ti\ccsv6\tools\compiler\ti-cgt-msp430_4.4.7\lib\</path>
         <kind>archive</kind>
         <file>rts430_eabi.lib</file>
         <name>exit_gvars.obj</name>
      </input_file>
      <input_file id="fl-3e">
         <path>C:\ti\ccsv6\tools\compiler\ti-cgt-msp430_4.4.7\lib\</path>
         <kind>archive</kind>
         <file>rts430_eabi.lib</file>
         <name>int00.obj</name>
      </input_file>
      <input_file id="fl-3f">
         <path>C:\ti\ccsv6\tools\compiler\ti-cgt-msp430_4.4.7\lib\</path>
         <kind>archive</kind>
         <file>rts430_eabi.lib</file>
         <name>int02.obj</name>
      </input_file>
      <input_file id="fl-40">
         <path>C:\ti\ccsv6\tools\compiler\ti-cgt-msp430_4.4.7\lib\</path>
         <kind>archive</kind>
         <file>rts430_eabi.lib</file>
         <name>int03.obj</name>
      </input_file>
      <input_file id="fl-41">
         <path>C:\ti\ccsv6\tools\compiler\ti-cgt-msp430_4.4.7\lib\</path>
         <kind>archive</kind>
         <file>rts430_eabi.lib</file>
         <name>int05.obj</name>
      </input_file>
      <input_file id="fl-42">
         <path>C:\ti\ccsv6\tools\compiler\ti-cgt-msp430_4.4.7\lib\</path>
         <kind>archive</kind>
         <file>rts430_eabi.lib</file>
         <name>int06.obj</name>
      </input_file>
      <input_file id="fl-43">
         <path>C:\ti\ccsv6\tools\compiler\ti-cgt-msp430_4.4.7\lib\</path>
         <kind>archive</kind>
         <file>rts430_eabi.lib</file>
         <name>int07.obj</name>
      </input_file>
      <input_file id="fl-44">
         <path>C:\ti\ccsv6\tools\compiler\ti-cgt-msp430_4.4.7\lib\</path>
         <kind>archive</kind>
         <file>rts430_eabi.lib</file>
         <name>int08.obj</name>
      </input_file>
      <input_file id="fl-45">
         <path>C:\ti\ccsv6\tools\compiler\ti-cgt-msp430_4.4.7\lib\</path>
         <kind>archive</kind>
         <file>rts430_eabi.lib</file>
         <name>int09.obj</name>
      </input_file>
      <input_file id="fl-46">
         <path>C:\ti\ccsv6\tools\compiler\ti-cgt-msp430_4.4.7\lib\</path>
         <kind>archive</kind>
         <file>rts430_eabi.lib</file>
         <name>int10.obj</name>
      </input_file>
      <input_file id="fl-47">
         <path>C:\ti\ccsv6\tools\compiler\ti-cgt-msp430_4.4.7\lib\</path>
         <kind>archive</kind>
         <file>rts430_eabi.lib</file>
         <name>int11.obj</name>
      </input_file>
      <input_file id="fl-48">
         <path>C:\ti\ccsv6\tools\compiler\ti-cgt-msp430_4.4.7\lib\</path>
         <kind>archive</kind>
         <file>rts430_eabi.lib</file>
         <name>int12.obj</name>
      </input_file>
      <input_file id="fl-49">
         <path>C:\ti\ccsv6\tools\compiler\ti-cgt-msp430_4.4.7\lib\</path>
         <kind>archive</kind>
         <file>rts430_eabi.lib</file>
         <name>int13.obj</name>
      </input_file>
      <input_file id="fl-4a">
         <path>C:\ti\ccsv6\tools\compiler\ti-cgt-msp430_4.4.7\lib\</path>
         <kind>archive</kind>
         <file>rts430_eabi.lib</file>
         <name>int14.obj</name>
      </input_file>
      <input_file id="fl-4b">
         <path>C:\ti\ccsv6\tools\compiler\ti-cgt-msp430_4.4.7\lib\</path>
         <kind>archive</kind>
         <file>rts430_eabi.lib</file>
         <name>isr_trap.obj</name>
      </input_file>
      <input_file id="fl-4c">
         <path>C:\ti\ccsv6\tools\compiler\ti-cgt-msp430_4.4.7\lib\</path>
         <kind>archive</kind>
         <file>rts430_eabi.lib</file>
         <name>memcpy.obj</name>
      </input_file>
      <input_file id="fl-4d">
         <path>C:\ti\ccsv6\tools\compiler\ti-cgt-msp430_4.4.7\lib\</path>
         <kind>archive</kind>
         <file>rts430_eabi.lib</file>
         <name>mpu_init.obj</name>
      </input_file>
      <input_file id="fl-4e">
         <path>C:\ti\ccsv6\tools\compiler\ti-cgt-msp430_4.4.7\lib\</path>
         <kind>archive</kind>
         <file>rts430_eabi.lib</file>
         <name>mult16.obj</name>
      </input_file>
      <input_file id="fl-4f">
         <path>C:\ti\ccsv6\tools\compiler\ti-cgt-msp430_4.4.7\lib\</path>
         <kind>archive</kind>
         <file>rts430_eabi.lib</file>
         <name>pre_init.obj</name>
      </input_file>
      <input_file id="fl-50">
         <path>C:\ti\ccsv6\tools\compiler\ti-cgt-msp430_4.4.7\lib\</path>
         <kind>archive</kind>
         <file>rts430_eabi.lib</file>
         <name>_lock.obj</name>
      </input_file>
      <input_file id="fl-51">
         <path>C:\ti\ccsv6\tools\compiler\ti-cgt-msp430_4.4.7\lib\</path>
         <kind>archive</kind>
         <file>rts430_eabi.lib</file>
         <name>args_main.obj</name>
      </input_file>
      <input_file id="fl-52">
         <path>C:\ti\ccsv6\tools\compiler\ti-cgt-msp430_4.4.7\lib\</path>
         <kind>archive</kind>
         <file>rts430_eabi.lib</file>
         <name>autoinit.obj</name>
      </input_file>
   </input_file_list>
   <object_component_list>
      <object_component id="oc-8e">
         <name>.stack</name>
         <uninitialized>true</uninitialized>
         <run_address>0x3b0</run_address>
         <size>0x2</size>
         <input_file_ref idref="fl-34"/>
      </object_component>
      <object_component id="oc-1bd">
         <name>.stack</name>
         <uninitialized>true</uninitialized>
         <run_address>0x3b0</run_address>
         <size>0x0</size>
      </object_component>
      <object_component id="oc-123">
         <name>.text:clkSetup</name>
         <load_address>0xc170</load_address>
         <run_address>0xc170</run_address>
         <size>0x62</size>
         <input_file_ref idref="fl-3"/>
      </object_component>
      <object_component id="oc-12f">
         <name>.text:gpioIntSetup</name>
         <load_address>0xc1d2</load_address>
         <run_address>0xc1d2</run_address>
         <size>0x3e</size>
         <input_file_ref idref="fl-4"/>
      </object_component>
      <object_component id="oc-d8">
         <name>.text:main</name>
         <load_address>0xc210</load_address>
         <run_address>0xc210</run_address>
         <size>0x38</size>
         <input_file_ref idref="fl-2"/>
      </object_component>
      <object_component id="oc-129">
         <name>.text:gpioSetup</name>
         <load_address>0xc248</load_address>
         <run_address>0xc248</run_address>
         <size>0x2a</size>
         <input_file_ref idref="fl-4"/>
      </object_component>
      <object_component id="oc-82">
         <name>.text:_c_int00_noinit_noargs_noexit</name>
         <load_address>0xc272</load_address>
         <run_address>0xc272</run_address>
         <size>0x12</size>
         <input_file_ref idref="fl-35"/>
      </object_component>
      <object_component id="oc-135">
         <name>.text:gpioHigh</name>
         <load_address>0xc284</load_address>
         <run_address>0xc284</run_address>
         <size>0x12</size>
         <input_file_ref idref="fl-4"/>
      </object_component>
      <object_component id="oc-13b">
         <name>.text:gpioLow</name>
         <load_address>0xc296</load_address>
         <run_address>0xc296</run_address>
         <size>0x12</size>
         <input_file_ref idref="fl-4"/>
      </object_component>
      <object_component id="oc-ac">
         <name>.text:_isr:__TI_ISR_TRAP</name>
         <load_address>0xc2a8</load_address>
         <run_address>0xc2a8</run_address>
         <size>0x6</size>
         <input_file_ref idref="fl-4b"/>
      </object_component>
      <object_component id="oc-b8">
         <name>.text:_system_pre_init</name>
         <load_address>0xc2ae</load_address>
         <run_address>0xc2ae</run_address>
         <size>0x4</size>
         <input_file_ref idref="fl-4f"/>
      </object_component>
      <object_component id="oc-e0">
         <name>.text:abort</name>
         <load_address>0xc2b2</load_address>
         <run_address>0xc2b2</run_address>
         <size>0x4</size>
         <input_file_ref idref="fl-3c"/>
      </object_component>
      <object_component id="oc-120">
         <name>.const</name>
         <load_address>0xc000</load_address>
         <run_address>0xc000</run_address>
         <size>0x170</size>
         <input_file_ref idref="fl-2"/>
      </object_component>
      <object_component id="oc-3f">
         <name>.int00</name>
         <load_address>0xffe0</load_address>
         <run_address>0xffe0</run_address>
         <size>0x2</size>
         <input_file_ref idref="fl-3e"/>
      </object_component>
      <object_component id="oc-40">
         <name>.int02</name>
         <load_address>0xffe4</load_address>
         <run_address>0xffe4</run_address>
         <size>0x2</size>
         <input_file_ref idref="fl-3f"/>
      </object_component>
      <object_component id="oc-41">
         <name>.int03</name>
         <load_address>0xffe6</load_address>
         <run_address>0xffe6</run_address>
         <size>0x2</size>
         <input_file_ref idref="fl-40"/>
      </object_component>
      <object_component id="oc-42">
         <name>.int05</name>
         <load_address>0xffea</load_address>
         <run_address>0xffea</run_address>
         <size>0x2</size>
         <input_file_ref idref="fl-41"/>
      </object_component>
      <object_component id="oc-43">
         <name>.int06</name>
         <load_address>0xffec</load_address>
         <run_address>0xffec</run_address>
         <size>0x2</size>
         <input_file_ref idref="fl-42"/>
      </object_component>
      <object_component id="oc-44">
         <name>.int07</name>
         <load_address>0xffee</load_address>
         <run_address>0xffee</run_address>
         <size>0x2</size>
         <input_file_ref idref="fl-43"/>
      </object_component>
      <object_component id="oc-45">
         <name>.int08</name>
         <load_address>0xfff0</load_address>
         <run_address>0xfff0</run_address>
         <size>0x2</size>
         <input_file_ref idref="fl-44"/>
      </object_component>
      <object_component id="oc-46">
         <name>.int09</name>
         <load_address>0xfff2</load_address>
         <run_address>0xfff2</run_address>
         <size>0x2</size>
         <input_file_ref idref="fl-45"/>
      </object_component>
      <object_component id="oc-47">
         <name>.int10</name>
         <load_address>0xfff4</load_address>
         <run_address>0xfff4</run_address>
         <size>0x2</size>
         <input_file_ref idref="fl-46"/>
      </object_component>
      <object_component id="oc-48">
         <name>.int11</name>
         <load_address>0xfff6</load_address>
         <run_address>0xfff6</run_address>
         <size>0x2</size>
         <input_file_ref idref="fl-47"/>
      </object_component>
      <object_component id="oc-49">
         <name>.int12</name>
         <load_address>0xfff8</load_address>
         <run_address>0xfff8</run_address>
         <size>0x2</size>
         <input_file_ref idref="fl-48"/>
      </object_component>
      <object_component id="oc-4a">
         <name>.int13</name>
         <load_address>0xfffa</load_address>
         <run_address>0xfffa</run_address>
         <size>0x2</size>
         <input_file_ref idref="fl-49"/>
      </object_component>
      <object_component id="oc-4b">
         <name>.int14</name>
         <load_address>0xfffc</load_address>
         <run_address>0xfffc</run_address>
         <size>0x2</size>
         <input_file_ref idref="fl-4a"/>
      </object_component>
      <object_component id="oc-91">
         <name>.reset</name>
         <load_address>0xfffe</load_address>
         <run_address>0xfffe</run_address>
         <size>0x2</size>
         <input_file_ref idref="fl-34"/>
      </object_component>
      <object_component id="oc-168">
         <name>.debug_info</name>
         <load_address>0x0</load_address>
         <run_address>0x0</run_address>
         <size>0x285</size>
         <input_file_ref idref="fl-2"/>
      </object_component>
      <object_component id="oc-121">
         <name>.debug_info</name>
         <load_address>0x285</load_address>
         <run_address>0x285</run_address>
         <size>0x11e</size>
         <input_file_ref idref="fl-2"/>
      </object_component>
      <object_component id="oc-d9">
         <name>.debug_info</name>
         <load_address>0x3a3</load_address>
         <run_address>0x3a3</run_address>
         <size>0x162</size>
         <input_file_ref idref="fl-2"/>
      </object_component>
      <object_component id="oc-178">
         <name>.debug_info</name>
         <load_address>0x505</load_address>
         <run_address>0x505</run_address>
         <size>0x104</size>
         <input_file_ref idref="fl-2"/>
      </object_component>
      <object_component id="oc-17d">
         <name>.debug_info</name>
         <load_address>0x609</load_address>
         <run_address>0x609</run_address>
         <size>0x1be</size>
         <input_file_ref idref="fl-2"/>
      </object_component>
      <object_component id="oc-ee">
         <name>.debug_info</name>
         <load_address>0x7c7</load_address>
         <run_address>0x7c7</run_address>
         <size>0x84</size>
         <input_file_ref idref="fl-2"/>
      </object_component>
      <object_component id="oc-16b">
         <name>.debug_info</name>
         <load_address>0x84b</load_address>
         <run_address>0x84b</run_address>
         <size>0x328</size>
         <input_file_ref idref="fl-3"/>
      </object_component>
      <object_component id="oc-124">
         <name>.debug_info</name>
         <load_address>0xb73</load_address>
         <run_address>0xb73</run_address>
         <size>0x270</size>
         <input_file_ref idref="fl-3"/>
      </object_component>
      <object_component id="oc-16d">
         <name>.debug_info</name>
         <load_address>0xde3</load_address>
         <run_address>0xde3</run_address>
         <size>0x357</size>
         <input_file_ref idref="fl-4"/>
      </object_component>
      <object_component id="oc-12a">
         <name>.debug_info</name>
         <load_address>0x113a</load_address>
         <run_address>0x113a</run_address>
         <size>0x28f</size>
         <input_file_ref idref="fl-4"/>
      </object_component>
      <object_component id="oc-130">
         <name>.debug_info</name>
         <load_address>0x13c9</load_address>
         <run_address>0x13c9</run_address>
         <size>0x2d7</size>
         <input_file_ref idref="fl-4"/>
      </object_component>
      <object_component id="oc-138">
         <name>.debug_info</name>
         <load_address>0x16a0</load_address>
         <run_address>0x16a0</run_address>
         <size>0x25f</size>
         <input_file_ref idref="fl-4"/>
      </object_component>
      <object_component id="oc-13c">
         <name>.debug_info</name>
         <load_address>0x18ff</load_address>
         <run_address>0x18ff</run_address>
         <size>0x25d</size>
         <input_file_ref idref="fl-4"/>
      </object_component>
      <object_component id="oc-8f">
         <name>.debug_info</name>
         <load_address>0x1b5c</load_address>
         <run_address>0x1b5c</run_address>
         <size>0x10b</size>
         <input_file_ref idref="fl-34"/>
      </object_component>
      <object_component id="oc-85">
         <name>.debug_info</name>
         <load_address>0x1c67</load_address>
         <run_address>0x1c67</run_address>
         <size>0x1a9</size>
         <input_file_ref idref="fl-35"/>
      </object_component>
      <object_component id="oc-e2">
         <name>.debug_info</name>
         <load_address>0x1e10</load_address>
         <run_address>0x1e10</run_address>
         <size>0x12d</size>
         <input_file_ref idref="fl-3c"/>
      </object_component>
      <object_component id="oc-ae">
         <name>.debug_info</name>
         <load_address>0x1f3d</load_address>
         <run_address>0x1f3d</run_address>
         <size>0x121</size>
         <input_file_ref idref="fl-4b"/>
      </object_component>
      <object_component id="oc-b9">
         <name>.debug_info</name>
         <load_address>0x205e</load_address>
         <run_address>0x205e</run_address>
         <size>0x15e</size>
         <input_file_ref idref="fl-4f"/>
      </object_component>
      <object_component id="oc-1be">
         <name>.debug_info</name>
         <load_address>0x21bc</load_address>
         <run_address>0x21bc</run_address>
         <size>0xcd</size>
      </object_component>
      <object_component id="oc-177">
         <name>.debug_line</name>
         <load_address>0x0</load_address>
         <run_address>0x0</run_address>
         <size>0x114</size>
         <input_file_ref idref="fl-2"/>
      </object_component>
      <object_component id="oc-167">
         <name>.debug_line</name>
         <load_address>0x114</load_address>
         <run_address>0x114</run_address>
         <size>0xe4</size>
         <input_file_ref idref="fl-2"/>
      </object_component>
      <object_component id="oc-dc">
         <name>.debug_line</name>
         <load_address>0x1f8</load_address>
         <run_address>0x1f8</run_address>
         <size>0x4a</size>
         <input_file_ref idref="fl-2"/>
      </object_component>
      <object_component id="oc-17b">
         <name>.debug_line</name>
         <load_address>0x242</load_address>
         <run_address>0x242</run_address>
         <size>0x80</size>
         <input_file_ref idref="fl-2"/>
      </object_component>
      <object_component id="oc-180">
         <name>.debug_line</name>
         <load_address>0x2c2</load_address>
         <run_address>0x2c2</run_address>
         <size>0x84</size>
         <input_file_ref idref="fl-2"/>
      </object_component>
      <object_component id="oc-f1">
         <name>.debug_line</name>
         <load_address>0x346</load_address>
         <run_address>0x346</run_address>
         <size>0x20</size>
         <input_file_ref idref="fl-2"/>
      </object_component>
      <object_component id="oc-183">
         <name>.debug_line</name>
         <load_address>0x366</load_address>
         <run_address>0x366</run_address>
         <size>0x55</size>
         <input_file_ref idref="fl-3"/>
      </object_component>
      <object_component id="oc-128">
         <name>.debug_line</name>
         <load_address>0x3bb</load_address>
         <run_address>0x3bb</run_address>
         <size>0xb3</size>
         <input_file_ref idref="fl-3"/>
      </object_component>
      <object_component id="oc-185">
         <name>.debug_line</name>
         <load_address>0x46e</load_address>
         <run_address>0x46e</run_address>
         <size>0x9c</size>
         <input_file_ref idref="fl-4"/>
      </object_component>
      <object_component id="oc-12d">
         <name>.debug_line</name>
         <load_address>0x50a</load_address>
         <run_address>0x50a</run_address>
         <size>0xa1</size>
         <input_file_ref idref="fl-4"/>
      </object_component>
      <object_component id="oc-133">
         <name>.debug_line</name>
         <load_address>0x5ab</load_address>
         <run_address>0x5ab</run_address>
         <size>0xab</size>
         <input_file_ref idref="fl-4"/>
      </object_component>
      <object_component id="oc-136">
         <name>.debug_line</name>
         <load_address>0x656</load_address>
         <run_address>0x656</run_address>
         <size>0x9e</size>
         <input_file_ref idref="fl-4"/>
      </object_component>
      <object_component id="oc-13f">
         <name>.debug_line</name>
         <load_address>0x6f4</load_address>
         <run_address>0x6f4</run_address>
         <size>0x9e</size>
         <input_file_ref idref="fl-4"/>
      </object_component>
      <object_component id="oc-ed">
         <name>.debug_line</name>
         <load_address>0x792</load_address>
         <run_address>0x792</run_address>
         <size>0x2a</size>
         <input_file_ref idref="fl-34"/>
      </object_component>
      <object_component id="oc-84">
         <name>.debug_line</name>
         <load_address>0x7bc</load_address>
         <run_address>0x7bc</run_address>
         <size>0x47</size>
         <input_file_ref idref="fl-35"/>
      </object_component>
      <object_component id="oc-e5">
         <name>.debug_line</name>
         <load_address>0x803</load_address>
         <run_address>0x803</run_address>
         <size>0x3a</size>
         <input_file_ref idref="fl-3c"/>
      </object_component>
      <object_component id="oc-b0">
         <name>.debug_line</name>
         <load_address>0x83d</load_address>
         <run_address>0x83d</run_address>
         <size>0x3c</size>
         <input_file_ref idref="fl-4b"/>
      </object_component>
      <object_component id="oc-bd">
         <name>.debug_line</name>
         <load_address>0x879</load_address>
         <run_address>0x879</run_address>
         <size>0x3e</size>
         <input_file_ref idref="fl-4f"/>
      </object_component>
      <object_component id="oc-dd">
         <name>.debug_frame</name>
         <load_address>0x0</load_address>
         <run_address>0x0</run_address>
         <size>0x47</size>
         <input_file_ref idref="fl-2"/>
      </object_component>
      <object_component id="oc-127">
         <name>.debug_frame</name>
         <load_address>0x47</load_address>
         <run_address>0x47</run_address>
         <size>0x47</size>
         <input_file_ref idref="fl-3"/>
      </object_component>
      <object_component id="oc-12e">
         <name>.debug_frame</name>
         <load_address>0x8e</load_address>
         <run_address>0x8e</run_address>
         <size>0x47</size>
         <input_file_ref idref="fl-4"/>
      </object_component>
      <object_component id="oc-134">
         <name>.debug_frame</name>
         <load_address>0xd5</load_address>
         <run_address>0xd5</run_address>
         <size>0x47</size>
         <input_file_ref idref="fl-4"/>
      </object_component>
      <object_component id="oc-137">
         <name>.debug_frame</name>
         <load_address>0x11c</load_address>
         <run_address>0x11c</run_address>
         <size>0x47</size>
         <input_file_ref idref="fl-4"/>
      </object_component>
      <object_component id="oc-140">
         <name>.debug_frame</name>
         <load_address>0x163</load_address>
         <run_address>0x163</run_address>
         <size>0x47</size>
         <input_file_ref idref="fl-4"/>
      </object_component>
      <object_component id="oc-83">
         <name>.debug_frame</name>
         <load_address>0x1aa</load_address>
         <run_address>0x1aa</run_address>
         <size>0x42</size>
         <input_file_ref idref="fl-35"/>
      </object_component>
      <object_component id="oc-e4">
         <name>.debug_frame</name>
         <load_address>0x1ec</load_address>
         <run_address>0x1ec</run_address>
         <size>0x47</size>
         <input_file_ref idref="fl-3c"/>
      </object_component>
      <object_component id="oc-bc">
         <name>.debug_frame</name>
         <load_address>0x233</load_address>
         <run_address>0x233</run_address>
         <size>0x47</size>
         <input_file_ref idref="fl-4f"/>
      </object_component>
      <object_component id="oc-176">
         <name>.debug_abbrev</name>
         <load_address>0x0</load_address>
         <run_address>0x0</run_address>
         <size>0x7e</size>
         <input_file_ref idref="fl-2"/>
      </object_component>
      <object_component id="oc-166">
         <name>.debug_abbrev</name>
         <load_address>0x7e</load_address>
         <run_address>0x7e</run_address>
         <size>0x29</size>
         <input_file_ref idref="fl-2"/>
      </object_component>
      <object_component id="oc-141">
         <name>.debug_abbrev</name>
         <load_address>0xa7</load_address>
         <run_address>0xa7</run_address>
         <size>0x52</size>
         <input_file_ref idref="fl-2"/>
      </object_component>
      <object_component id="oc-17a">
         <name>.debug_abbrev</name>
         <load_address>0xf9</load_address>
         <run_address>0xf9</run_address>
         <size>0x5f</size>
         <input_file_ref idref="fl-2"/>
      </object_component>
      <object_component id="oc-17f">
         <name>.debug_abbrev</name>
         <load_address>0x158</load_address>
         <run_address>0x158</run_address>
         <size>0x6e</size>
         <input_file_ref idref="fl-2"/>
      </object_component>
      <object_component id="oc-f0">
         <name>.debug_abbrev</name>
         <load_address>0x1c6</load_address>
         <run_address>0x1c6</run_address>
         <size>0x1f</size>
         <input_file_ref idref="fl-2"/>
      </object_component>
      <object_component id="oc-182">
         <name>.debug_abbrev</name>
         <load_address>0x1e5</load_address>
         <run_address>0x1e5</run_address>
         <size>0x54</size>
         <input_file_ref idref="fl-3"/>
      </object_component>
      <object_component id="oc-16a">
         <name>.debug_abbrev</name>
         <load_address>0x239</load_address>
         <run_address>0x239</run_address>
         <size>0x6c</size>
         <input_file_ref idref="fl-3"/>
      </object_component>
      <object_component id="oc-184">
         <name>.debug_abbrev</name>
         <load_address>0x2a5</load_address>
         <run_address>0x2a5</run_address>
         <size>0x6a</size>
         <input_file_ref idref="fl-4"/>
      </object_component>
      <object_component id="oc-16c">
         <name>.debug_abbrev</name>
         <load_address>0x30f</load_address>
         <run_address>0x30f</run_address>
         <size>0x6c</size>
         <input_file_ref idref="fl-4"/>
      </object_component>
      <object_component id="oc-16e">
         <name>.debug_abbrev</name>
         <load_address>0x37b</load_address>
         <run_address>0x37b</run_address>
         <size>0x6c</size>
         <input_file_ref idref="fl-4"/>
      </object_component>
      <object_component id="oc-16f">
         <name>.debug_abbrev</name>
         <load_address>0x3e7</load_address>
         <run_address>0x3e7</run_address>
         <size>0x6c</size>
         <input_file_ref idref="fl-4"/>
      </object_component>
      <object_component id="oc-170">
         <name>.debug_abbrev</name>
         <load_address>0x453</load_address>
         <run_address>0x453</run_address>
         <size>0x6c</size>
         <input_file_ref idref="fl-4"/>
      </object_component>
      <object_component id="oc-ec">
         <name>.debug_abbrev</name>
         <load_address>0x4bf</load_address>
         <run_address>0x4bf</run_address>
         <size>0x29</size>
         <input_file_ref idref="fl-34"/>
      </object_component>
      <object_component id="oc-ea">
         <name>.debug_abbrev</name>
         <load_address>0x4e8</load_address>
         <run_address>0x4e8</run_address>
         <size>0x58</size>
         <input_file_ref idref="fl-35"/>
      </object_component>
      <object_component id="oc-142">
         <name>.debug_abbrev</name>
         <load_address>0x540</load_address>
         <run_address>0x540</run_address>
         <size>0x45</size>
         <input_file_ref idref="fl-3c"/>
      </object_component>
      <object_component id="oc-109">
         <name>.debug_abbrev</name>
         <load_address>0x585</load_address>
         <run_address>0x585</run_address>
         <size>0x28</size>
         <input_file_ref idref="fl-4b"/>
      </object_component>
      <object_component id="oc-10c">
         <name>.debug_abbrev</name>
         <load_address>0x5ad</load_address>
         <run_address>0x5ad</run_address>
         <size>0x55</size>
         <input_file_ref idref="fl-4f"/>
      </object_component>
      <object_component id="oc-1bf">
         <name>.debug_abbrev</name>
         <load_address>0x602</load_address>
         <run_address>0x602</run_address>
         <size>0xf</size>
      </object_component>
      <object_component id="oc-17c">
         <name>.debug_str</name>
         <load_address>0x0</load_address>
         <run_address>0x0</run_address>
         <size>0x177</size>
         <input_file_ref idref="fl-2"/>
      </object_component>
      <object_component id="oc-181">
         <name>.debug_str</name>
         <load_address>0x177</load_address>
         <run_address>0x177</run_address>
         <size>0x1ee</size>
         <input_file_ref idref="fl-2"/>
      </object_component>
      <object_component id="oc-f2">
         <name>.debug_str</name>
         <load_address>0x365</load_address>
         <run_address>0x365</run_address>
         <size>0xf5</size>
         <input_file_ref idref="fl-2"/>
      </object_component>
      <object_component id="oc-da">
         <name>.debug_aranges</name>
         <load_address>0x0</load_address>
         <run_address>0x0</run_address>
         <size>0x20</size>
         <input_file_ref idref="fl-2"/>
      </object_component>
      <object_component id="oc-125">
         <name>.debug_aranges</name>
         <load_address>0x20</load_address>
         <run_address>0x20</run_address>
         <size>0x20</size>
         <input_file_ref idref="fl-3"/>
      </object_component>
      <object_component id="oc-12c">
         <name>.debug_aranges</name>
         <load_address>0x40</load_address>
         <run_address>0x40</run_address>
         <size>0x20</size>
         <input_file_ref idref="fl-4"/>
      </object_component>
      <object_component id="oc-131">
         <name>.debug_aranges</name>
         <load_address>0x60</load_address>
         <run_address>0x60</run_address>
         <size>0x20</size>
         <input_file_ref idref="fl-4"/>
      </object_component>
      <object_component id="oc-139">
         <name>.debug_aranges</name>
         <load_address>0x80</load_address>
         <run_address>0x80</run_address>
         <size>0x20</size>
         <input_file_ref idref="fl-4"/>
      </object_component>
      <object_component id="oc-13d">
         <name>.debug_aranges</name>
         <load_address>0xa0</load_address>
         <run_address>0xa0</run_address>
         <size>0x20</size>
         <input_file_ref idref="fl-4"/>
      </object_component>
      <object_component id="oc-86">
         <name>.debug_aranges</name>
         <load_address>0xc0</load_address>
         <run_address>0xc0</run_address>
         <size>0x20</size>
         <input_file_ref idref="fl-35"/>
      </object_component>
      <object_component id="oc-e1">
         <name>.debug_aranges</name>
         <load_address>0xe0</load_address>
         <run_address>0xe0</run_address>
         <size>0x20</size>
         <input_file_ref idref="fl-3c"/>
      </object_component>
      <object_component id="oc-ad">
         <name>.debug_aranges</name>
         <load_address>0x100</load_address>
         <run_address>0x100</run_address>
         <size>0x20</size>
         <input_file_ref idref="fl-4b"/>
      </object_component>
      <object_component id="oc-ba">
         <name>.debug_aranges</name>
         <load_address>0x120</load_address>
         <run_address>0x120</run_address>
         <size>0x20</size>
         <input_file_ref idref="fl-4f"/>
      </object_component>
      <object_component id="oc-169">
         <name>.debug_pubnames</name>
         <load_address>0x0</load_address>
         <run_address>0x0</run_address>
         <size>0x23</size>
         <input_file_ref idref="fl-2"/>
      </object_component>
      <object_component id="oc-122">
         <name>.debug_pubnames</name>
         <load_address>0x23</load_address>
         <run_address>0x23</run_address>
         <size>0x2f</size>
         <input_file_ref idref="fl-2"/>
      </object_component>
      <object_component id="oc-db">
         <name>.debug_pubnames</name>
         <load_address>0x52</load_address>
         <run_address>0x52</run_address>
         <size>0x1b</size>
         <input_file_ref idref="fl-2"/>
      </object_component>
      <object_component id="oc-126">
         <name>.debug_pubnames</name>
         <load_address>0x6d</load_address>
         <run_address>0x6d</run_address>
         <size>0x1f</size>
         <input_file_ref idref="fl-3"/>
      </object_component>
      <object_component id="oc-12b">
         <name>.debug_pubnames</name>
         <load_address>0x8c</load_address>
         <run_address>0x8c</run_address>
         <size>0x20</size>
         <input_file_ref idref="fl-4"/>
      </object_component>
      <object_component id="oc-132">
         <name>.debug_pubnames</name>
         <load_address>0xac</load_address>
         <run_address>0xac</run_address>
         <size>0x23</size>
         <input_file_ref idref="fl-4"/>
      </object_component>
      <object_component id="oc-13a">
         <name>.debug_pubnames</name>
         <load_address>0xcf</load_address>
         <run_address>0xcf</run_address>
         <size>0x1f</size>
         <input_file_ref idref="fl-4"/>
      </object_component>
      <object_component id="oc-13e">
         <name>.debug_pubnames</name>
         <load_address>0xee</load_address>
         <run_address>0xee</run_address>
         <size>0x1e</size>
         <input_file_ref idref="fl-4"/>
      </object_component>
      <object_component id="oc-90">
         <name>.debug_pubnames</name>
         <load_address>0x10c</load_address>
         <run_address>0x10c</run_address>
         <size>0x1d</size>
         <input_file_ref idref="fl-34"/>
      </object_component>
      <object_component id="oc-87">
         <name>.debug_pubnames</name>
         <load_address>0x129</load_address>
         <run_address>0x129</run_address>
         <size>0x34</size>
         <input_file_ref idref="fl-35"/>
      </object_component>
      <object_component id="oc-e3">
         <name>.debug_pubnames</name>
         <load_address>0x15d</load_address>
         <run_address>0x15d</run_address>
         <size>0x1c</size>
         <input_file_ref idref="fl-3c"/>
      </object_component>
      <object_component id="oc-af">
         <name>.debug_pubnames</name>
         <load_address>0x179</load_address>
         <run_address>0x179</run_address>
         <size>0x2b</size>
         <input_file_ref idref="fl-4b"/>
      </object_component>
      <object_component id="oc-bb">
         <name>.debug_pubnames</name>
         <load_address>0x1a4</load_address>
         <run_address>0x1a4</run_address>
         <size>0x27</size>
         <input_file_ref idref="fl-4f"/>
      </object_component>
      <object_component id="oc-179">
         <name>.debug_pubtypes</name>
         <load_address>0x0</load_address>
         <run_address>0x0</run_address>
         <size>0x3c</size>
         <input_file_ref idref="fl-2"/>
      </object_component>
      <object_component id="oc-17e">
         <name>.debug_pubtypes</name>
         <load_address>0x3c</load_address>
         <run_address>0x3c</run_address>
         <size>0x4e</size>
         <input_file_ref idref="fl-2"/>
      </object_component>
      <object_component id="oc-ef">
         <name>.debug_pubtypes</name>
         <load_address>0x8a</load_address>
         <run_address>0x8a</run_address>
         <size>0xed</size>
         <input_file_ref idref="fl-2"/>
      </object_component>
   </object_component_list>
   <logical_group_list>
      <logical_group id="lg-2" display="no" color="cyan">
         <name>.bss</name>
         <run_address>0x0</run_address>
         <size>0x0</size>
         <contents>
         </contents>
      </logical_group>
      <logical_group id="lg-4" display="no" color="cyan">
         <name>.TI.noinit</name>
         <run_address>0x0</run_address>
         <size>0x0</size>
         <contents>
         </contents>
      </logical_group>
      <logical_group id="lg-5" display="no" color="cyan">
         <name>.sysmem</name>
         <run_address>0x0</run_address>
         <size>0x0</size>
         <contents>
         </contents>
      </logical_group>
      <logical_group id="lg-6" display="no" color="cyan">
         <name>.stack</name>
         <run_address>0x3b0</run_address>
         <size>0x50</size>
         <contents>
            <object_component_ref idref="oc-8e"/>
            <object_component_ref idref="oc-1bd"/>
         </contents>
      </logical_group>
      <logical_group id="lg-7" display="no" color="cyan">
         <name>.text</name>
         <load_address>0xc170</load_address>
         <run_address>0xc170</run_address>
         <size>0x146</size>
         <contents>
            <object_component_ref idref="oc-123"/>
            <object_component_ref idref="oc-12f"/>
            <object_component_ref idref="oc-d8"/>
            <object_component_ref idref="oc-129"/>
            <object_component_ref idref="oc-82"/>
            <object_component_ref idref="oc-135"/>
            <object_component_ref idref="oc-13b"/>
            <object_component_ref idref="oc-ac"/>
            <object_component_ref idref="oc-b8"/>
            <object_component_ref idref="oc-e0"/>
         </contents>
      </logical_group>
      <logical_group id="lg-8" display="no" color="cyan">
         <name>.cinit</name>
         <run_address>0x0</run_address>
         <size>0x0</size>
         <contents>
         </contents>
      </logical_group>
      <logical_group id="lg-9" display="no" color="cyan">
         <name>.const</name>
         <load_address>0xc000</load_address>
         <run_address>0xc000</run_address>
         <size>0x170</size>
         <contents>
            <object_component_ref idref="oc-120"/>
         </contents>
      </logical_group>
      <logical_group id="lg-a" display="no" color="cyan">
         <name>.bslsignature</name>
         <run_address>0x0</run_address>
         <size>0x0</size>
         <contents>
         </contents>
      </logical_group>
      <logical_group id="lg-b" display="no" color="cyan">
         <name>.cio</name>
         <run_address>0x0</run_address>
         <size>0x0</size>
         <contents>
         </contents>
      </logical_group>
      <logical_group id="lg-c" display="no" color="cyan">
         <name>.pinit</name>
         <run_address>0x0</run_address>
         <size>0x0</size>
         <contents>
         </contents>
      </logical_group>
      <logical_group id="lg-d" display="no" color="cyan">
         <name>.binit</name>
         <run_address>0x0</run_address>
         <size>0x0</size>
         <contents>
         </contents>
      </logical_group>
      <logical_group id="lg-e" display="no" color="cyan">
         <name>.init_array</name>
         <run_address>0x0</run_address>
         <size>0x0</size>
         <contents>
         </contents>
      </logical_group>
      <logical_group id="lg-f" display="no" color="cyan">
         <name>.mspabi.exidx</name>
         <run_address>0x0</run_address>
         <size>0x0</size>
         <contents>
         </contents>
      </logical_group>
      <logical_group id="lg-10" display="no" color="cyan">
         <name>.mspabi.extab</name>
         <run_address>0x0</run_address>
         <size>0x0</size>
         <contents>
         </contents>
      </logical_group>
      <logical_group id="lg-11" display="no" color="cyan">
         <name>.infoA</name>
         <run_address>0x0</run_address>
         <size>0x0</size>
         <contents>
         </contents>
      </logical_group>
      <logical_group id="lg-12" display="no" color="cyan">
         <name>.infoB</name>
         <run_address>0x0</run_address>
         <size>0x0</size>
         <contents>
         </contents>
      </logical_group>
      <logical_group id="lg-13" display="no" color="cyan">
         <name>.infoC</name>
         <run_address>0x0</run_address>
         <size>0x0</size>
         <contents>
         </contents>
      </logical_group>
      <logical_group id="lg-14" display="no" color="cyan">
         <name>.infoD</name>
         <run_address>0x0</run_address>
         <size>0x0</size>
         <contents>
         </contents>
      </logical_group>
      <logical_group id="lg-15" display="no" color="cyan">
         <name>TRAPINT</name>
         <load_address>0xffe0</load_address>
         <run_address>0xffe0</run_address>
         <size>0x2</size>
         <contents>
            <object_component_ref idref="oc-3f"/>
         </contents>
      </logical_group>
      <logical_group id="lg-17" display="no" color="cyan">
         <name>.int01</name>
         <run_address>0x0</run_address>
         <size>0x0</size>
         <contents>
         </contents>
      </logical_group>
      <logical_group id="lg-18" display="no" color="cyan">
         <name>PORT1</name>
         <load_address>0xffe4</load_address>
         <run_address>0xffe4</run_address>
         <size>0x2</size>
         <contents>
            <object_component_ref idref="oc-40"/>
         </contents>
      </logical_group>
      <logical_group id="lg-1a" display="no" color="cyan">
         <name>PORT2</name>
         <load_address>0xffe6</load_address>
         <run_address>0xffe6</run_address>
         <size>0x2</size>
         <contents>
            <object_component_ref idref="oc-41"/>
         </contents>
      </logical_group>
      <logical_group id="lg-1c" display="no" color="cyan">
         <name>.int04</name>
         <run_address>0x0</run_address>
         <size>0x0</size>
         <contents>
         </contents>
      </logical_group>
      <logical_group id="lg-1d" display="no" color="cyan">
         <name>ADC10</name>
         <load_address>0xffea</load_address>
         <run_address>0xffea</run_address>
         <size>0x2</size>
         <contents>
            <object_component_ref idref="oc-42"/>
         </contents>
      </logical_group>
      <logical_group id="lg-1f" display="no" color="cyan">
         <name>USCIAB0TX</name>
         <load_address>0xffec</load_address>
         <run_address>0xffec</run_address>
         <size>0x2</size>
         <contents>
            <object_component_ref idref="oc-43"/>
         </contents>
      </logical_group>
      <logical_group id="lg-21" display="no" color="cyan">
         <name>USCIAB0RX</name>
         <load_address>0xffee</load_address>
         <run_address>0xffee</run_address>
         <size>0x2</size>
         <contents>
            <object_component_ref idref="oc-44"/>
         </contents>
      </logical_group>
      <logical_group id="lg-23" display="no" color="cyan">
         <name>TIMER0_A1</name>
         <load_address>0xfff0</load_address>
         <run_address>0xfff0</run_address>
         <size>0x2</size>
         <contents>
            <object_component_ref idref="oc-45"/>
         </contents>
      </logical_group>
      <logical_group id="lg-25" display="no" color="cyan">
         <name>TIMER0_A0</name>
         <load_address>0xfff2</load_address>
         <run_address>0xfff2</run_address>
         <size>0x2</size>
         <contents>
            <object_component_ref idref="oc-46"/>
         </contents>
      </logical_group>
      <logical_group id="lg-27" display="no" color="cyan">
         <name>WDT</name>
         <load_address>0xfff4</load_address>
         <run_address>0xfff4</run_address>
         <size>0x2</size>
         <contents>
            <object_component_ref idref="oc-47"/>
         </contents>
      </logical_group>
      <logical_group id="lg-29" display="no" color="cyan">
         <name>COMPARATORA</name>
         <load_address>0xfff6</load_address>
         <run_address>0xfff6</run_address>
         <size>0x2</size>
         <contents>
            <object_component_ref idref="oc-48"/>
         </contents>
      </logical_group>
      <logical_group id="lg-2b" display="no" color="cyan">
         <name>TIMER1_A1</name>
         <load_address>0xfff8</load_address>
         <run_address>0xfff8</run_address>
         <size>0x2</size>
         <contents>
            <object_component_ref idref="oc-49"/>
         </contents>
      </logical_group>
      <logical_group id="lg-2d" display="no" color="cyan">
         <name>TIMER1_A0</name>
         <load_address>0xfffa</load_address>
         <run_address>0xfffa</run_address>
         <size>0x2</size>
         <contents>
            <object_component_ref idref="oc-4a"/>
         </contents>
      </logical_group>
      <logical_group id="lg-2f" display="no" color="cyan">
         <name>NMI</name>
         <load_address>0xfffc</load_address>
         <run_address>0xfffc</run_address>
         <size>0x2</size>
         <contents>
            <object_component_ref idref="oc-4b"/>
         </contents>
      </logical_group>
      <logical_group id="lg-31" display="no" color="cyan">
         <name>.reset</name>
         <load_address>0xfffe</load_address>
         <run_address>0xfffe</run_address>
         <size>0x2</size>
         <contents>
            <object_component_ref idref="oc-91"/>
         </contents>
      </logical_group>
      <logical_group id="lg-187" display="no" color="cyan">
         <name>.TI.persistent</name>
         <run_address>0x0</run_address>
         <size>0x0</size>
         <contents>
         </contents>
      </logical_group>
      <logical_group id="lg-3" display="no" color="cyan">
         <name>.data</name>
         <run_address>0x0</run_address>
         <size>0x0</size>
         <contents>
         </contents>
      </logical_group>
      <logical_group id="lg-186" display="no" color="cyan">
         <name>DATA_GROUP</name>
         <run_address>0x0</run_address>
         <size>0x0</size>
         <contents>
            <logical_group_ref idref="lg-187"/>
            <logical_group_ref idref="lg-3"/>
         </contents>
      </logical_group>
      <logical_group id="lg-1ac" display="never" color="cyan">
         <name>.debug_info</name>
         <load_address>0x0</load_address>
         <run_address>0x0</run_address>
         <size>0x2289</size>
         <contents>
            <object_component_ref idref="oc-168"/>
            <object_component_ref idref="oc-121"/>
            <object_component_ref idref="oc-d9"/>
            <object_component_ref idref="oc-178"/>
            <object_component_ref idref="oc-17d"/>
            <object_component_ref idref="oc-ee"/>
            <object_component_ref idref="oc-16b"/>
            <object_component_ref idref="oc-124"/>
            <object_component_ref idref="oc-16d"/>
            <object_component_ref idref="oc-12a"/>
            <object_component_ref idref="oc-130"/>
            <object_component_ref idref="oc-138"/>
            <object_component_ref idref="oc-13c"/>
            <object_component_ref idref="oc-8f"/>
            <object_component_ref idref="oc-85"/>
            <object_component_ref idref="oc-e2"/>
            <object_component_ref idref="oc-ae"/>
            <object_component_ref idref="oc-b9"/>
            <object_component_ref idref="oc-1be"/>
         </contents>
      </logical_group>
      <logical_group id="lg-1ae" display="never" color="cyan">
         <name>.debug_line</name>
         <load_address>0x0</load_address>
         <run_address>0x0</run_address>
         <size>0x8b7</size>
         <contents>
            <object_component_ref idref="oc-177"/>
            <object_component_ref idref="oc-167"/>
            <object_component_ref idref="oc-dc"/>
            <object_component_ref idref="oc-17b"/>
            <object_component_ref idref="oc-180"/>
            <object_component_ref idref="oc-f1"/>
            <object_component_ref idref="oc-183"/>
            <object_component_ref idref="oc-128"/>
            <object_component_ref idref="oc-185"/>
            <object_component_ref idref="oc-12d"/>
            <object_component_ref idref="oc-133"/>
            <object_component_ref idref="oc-136"/>
            <object_component_ref idref="oc-13f"/>
            <object_component_ref idref="oc-ed"/>
            <object_component_ref idref="oc-84"/>
            <object_component_ref idref="oc-e5"/>
            <object_component_ref idref="oc-b0"/>
            <object_component_ref idref="oc-bd"/>
         </contents>
      </logical_group>
      <logical_group id="lg-1b0" display="never" color="cyan">
         <name>.debug_frame</name>
         <load_address>0x0</load_address>
         <run_address>0x0</run_address>
         <size>0x27a</size>
         <contents>
            <object_component_ref idref="oc-dd"/>
            <object_component_ref idref="oc-127"/>
            <object_component_ref idref="oc-12e"/>
            <object_component_ref idref="oc-134"/>
            <object_component_ref idref="oc-137"/>
            <object_component_ref idref="oc-140"/>
            <object_component_ref idref="oc-83"/>
            <object_component_ref idref="oc-e4"/>
            <object_component_ref idref="oc-bc"/>
         </contents>
      </logical_group>
      <logical_group id="lg-1b2" display="never" color="cyan">
         <name>.debug_abbrev</name>
         <load_address>0x0</load_address>
         <run_address>0x0</run_address>
         <size>0x611</size>
         <contents>
            <object_component_ref idref="oc-176"/>
            <object_component_ref idref="oc-166"/>
            <object_component_ref idref="oc-141"/>
            <object_component_ref idref="oc-17a"/>
            <object_component_ref idref="oc-17f"/>
            <object_component_ref idref="oc-f0"/>
            <object_component_ref idref="oc-182"/>
            <object_component_ref idref="oc-16a"/>
            <object_component_ref idref="oc-184"/>
            <object_component_ref idref="oc-16c"/>
            <object_component_ref idref="oc-16e"/>
            <object_component_ref idref="oc-16f"/>
            <object_component_ref idref="oc-170"/>
            <object_component_ref idref="oc-ec"/>
            <object_component_ref idref="oc-ea"/>
            <object_component_ref idref="oc-142"/>
            <object_component_ref idref="oc-109"/>
            <object_component_ref idref="oc-10c"/>
            <object_component_ref idref="oc-1bf"/>
         </contents>
      </logical_group>
      <logical_group id="lg-1b4" display="never" color="cyan">
         <name>.debug_str</name>
         <load_address>0x0</load_address>
         <run_address>0x0</run_address>
         <size>0x45a</size>
         <contents>
            <object_component_ref idref="oc-17c"/>
            <object_component_ref idref="oc-181"/>
            <object_component_ref idref="oc-f2"/>
         </contents>
      </logical_group>
      <logical_group id="lg-1b6" display="never" color="cyan">
         <name>.debug_aranges</name>
         <load_address>0x0</load_address>
         <run_address>0x0</run_address>
         <size>0x140</size>
         <contents>
            <object_component_ref idref="oc-da"/>
            <object_component_ref idref="oc-125"/>
            <object_component_ref idref="oc-12c"/>
            <object_component_ref idref="oc-131"/>
            <object_component_ref idref="oc-139"/>
            <object_component_ref idref="oc-13d"/>
            <object_component_ref idref="oc-86"/>
            <object_component_ref idref="oc-e1"/>
            <object_component_ref idref="oc-ad"/>
            <object_component_ref idref="oc-ba"/>
         </contents>
      </logical_group>
      <logical_group id="lg-1b8" display="never" color="cyan">
         <name>.debug_pubnames</name>
         <load_address>0x0</load_address>
         <run_address>0x0</run_address>
         <size>0x1cb</size>
         <contents>
            <object_component_ref idref="oc-169"/>
            <object_component_ref idref="oc-122"/>
            <object_component_ref idref="oc-db"/>
            <object_component_ref idref="oc-126"/>
            <object_component_ref idref="oc-12b"/>
            <object_component_ref idref="oc-132"/>
            <object_component_ref idref="oc-13a"/>
            <object_component_ref idref="oc-13e"/>
            <object_component_ref idref="oc-90"/>
            <object_component_ref idref="oc-87"/>
            <object_component_ref idref="oc-e3"/>
            <object_component_ref idref="oc-af"/>
            <object_component_ref idref="oc-bb"/>
         </contents>
      </logical_group>
      <logical_group id="lg-1ba" display="never" color="cyan">
         <name>.debug_pubtypes</name>
         <load_address>0x0</load_address>
         <run_address>0x0</run_address>
         <size>0x177</size>
         <contents>
            <object_component_ref idref="oc-179"/>
            <object_component_ref idref="oc-17e"/>
            <object_component_ref idref="oc-ef"/>
         </contents>
      </logical_group>
      <logical_group id="lg-1c0" display="no" color="cyan">
         <name>$fill000</name>
         <load_address>0xffde</load_address>
         <run_address>0xffde</run_address>
         <size>0x2</size>
         <contents>
         </contents>
      </logical_group>
      <load_segment id="lg-1c2" display="no" color="cyan">
         <name>SEGMENT_0</name>
         <run_address>0x3b0</run_address>
         <size>0x50</size>
         <flags>0x6</flags>
         <contents>
            <logical_group_ref idref="lg-6"/>
         </contents>
      </load_segment>
      <load_segment id="lg-1c3" display="no" color="cyan">
         <name>SEGMENT_1</name>
         <load_address>0xc000</load_address>
         <run_address>0xc000</run_address>
         <size>0x2b6</size>
         <flags>0x5</flags>
         <contents>
            <logical_group_ref idref="lg-9"/>
            <logical_group_ref idref="lg-7"/>
         </contents>
      </load_segment>
      <load_segment id="lg-1c4" display="no" color="cyan">
         <name>SEGMENT_2</name>
         <load_address>0xffde</load_address>
         <run_address>0xffde</run_address>
         <size>0x4</size>
         <flags>0x4</flags>
         <contents>
            <logical_group_ref idref="lg-1c0"/>
            <logical_group_ref idref="lg-15"/>
         </contents>
      </load_segment>
      <load_segment id="lg-1c5" display="no" color="cyan">
         <name>SEGMENT_3</name>
         <load_address>0xffe4</load_address>
         <run_address>0xffe4</run_address>
         <size>0x4</size>
         <flags>0x4</flags>
         <contents>
            <logical_group_ref idref="lg-18"/>
            <logical_group_ref idref="lg-1a"/>
         </contents>
      </load_segment>
      <load_segment id="lg-1c6" display="no" color="cyan">
         <name>SEGMENT_4</name>
         <load_address>0xffea</load_address>
         <run_address>0xffea</run_address>
         <size>0x16</size>
         <flags>0x4</flags>
         <contents>
            <logical_group_ref idref="lg-1d"/>
            <logical_group_ref idref="lg-1f"/>
            <logical_group_ref idref="lg-21"/>
            <logical_group_ref idref="lg-23"/>
            <logical_group_ref idref="lg-25"/>
            <logical_group_ref idref="lg-27"/>
            <logical_group_ref idref="lg-29"/>
            <logical_group_ref idref="lg-2b"/>
            <logical_group_ref idref="lg-2d"/>
            <logical_group_ref idref="lg-2f"/>
            <logical_group_ref idref="lg-31"/>
         </contents>
      </load_segment>
   </logical_group_list>
   <placement_map>
      <memory_area display="no" color="green">
         <name>SFR</name>
         <page_id>0x0</page_id>
         <origin>0x0</origin>
         <length>0x10</length>
         <used_space>0x0</used_space>
         <unused_space>0x10</unused_space>
         <attributes>RWIX</attributes>
         <usage_details>
         </usage_details>
      </memory_area>
      <memory_area display="yes" color="green">
         <name>PERIPHERALS_8BIT</name>
         <page_id>0x0</page_id>
         <origin>0x10</origin>
         <length>0xf0</length>
         <used_space>0x0</used_space>
         <unused_space>0xf0</unused_space>
         <attributes>RWIX</attributes>
         <usage_details>
         </usage_details>
      </memory_area>
      <memory_area display="yes" color="green">
         <name>PERIPHERALS_16BIT</name>
         <page_id>0x0</page_id>
         <origin>0x100</origin>
         <length>0x100</length>
         <used_space>0x0</used_space>
         <unused_space>0x100</unused_space>
         <attributes>RWIX</attributes>
         <usage_details>
         </usage_details>
      </memory_area>
      <memory_area display="yes" color="green">
         <name>RAM</name>
         <page_id>0x0</page_id>
         <origin>0x200</origin>
         <length>0x200</length>
         <used_space>0x50</used_space>
         <unused_space>0x1b0</unused_space>
         <attributes>RWIX</attributes>
         <usage_details>
            <available_space>
               <start_address>0x200</start_address>
               <size>0x1b0</size>
            </available_space>
            <allocated_space>
               <start_address>0x3b0</start_address>
               <size>0x50</size>
               <logical_group_ref idref="lg-6"/>
            </allocated_space>
         </usage_details>
      </memory_area>
      <memory_area display="no" color="green">
         <name>INFOD</name>
         <page_id>0x0</page_id>
         <origin>0x1000</origin>
         <length>0x40</length>
         <used_space>0x0</used_space>
         <unused_space>0x40</unused_space>
         <attributes>RWIX</attributes>
         <usage_details>
         </usage_details>
      </memory_area>
      <memory_area display="no" color="green">
         <name>INFOC</name>
         <page_id>0x0</page_id>
         <origin>0x1040</origin>
         <length>0x40</length>
         <used_space>0x0</used_space>
         <unused_space>0x40</unused_space>
         <attributes>RWIX</attributes>
         <usage_details>
         </usage_details>
      </memory_area>
      <memory_area display="no" color="green">
         <name>INFOB</name>
         <page_id>0x0</page_id>
         <origin>0x1080</origin>
         <length>0x40</length>
         <used_space>0x0</used_space>
         <unused_space>0x40</unused_space>
         <attributes>RWIX</attributes>
         <usage_details>
         </usage_details>
      </memory_area>
      <memory_area display="no" color="green">
         <name>INFOA</name>
         <page_id>0x0</page_id>
         <origin>0x10c0</origin>
         <length>0x40</length>
         <used_space>0x0</used_space>
         <unused_space>0x40</unused_space>
         <attributes>RWIX</attributes>
         <usage_details>
         </usage_details>
      </memory_area>
      <memory_area display="yes" color="green">
         <name>FLASH</name>
         <page_id>0x0</page_id>
         <origin>0xc000</origin>
         <length>0x3fde</length>
         <used_space>0x2b6</used_space>
         <unused_space>0x3d28</unused_space>
         <attributes>RWIX</attributes>
         <usage_details>
            <allocated_space>
               <start_address>0xc000</start_address>
               <size>0x170</size>
               <logical_group_ref idref="lg-9"/>
            </allocated_space>
            <allocated_space>
               <start_address>0xc170</start_address>
               <size>0x146</size>
               <logical_group_ref idref="lg-7"/>
            </allocated_space>
            <available_space>
               <start_address>0xc2b6</start_address>
               <size>0x3d28</size>
            </available_space>
         </usage_details>
      </memory_area>
      <memory_area display="no" color="green">
         <name>BSLSIGNATURE</name>
         <page_id>0x0</page_id>
         <origin>0xffde</origin>
         <length>0x2</length>
         <used_space>0x2</used_space>
         <unused_space>0x0</unused_space>
         <attributes>RWIX</attributes>
         <fill_value>0xffff</fill_value>
         <fill_width>0x10</fill_width>
         <virtual_fill>0x0</virtual_fill>
         <usage_details>
            <allocated_space>
               <start_address>0xffde</start_address>
               <size>0x2</size>
               <logical_group_ref idref="lg-1c0"/>
            </allocated_space>
         </usage_details>
      </memory_area>
      <memory_area display="no" color="green">
         <name>INT00</name>
         <page_id>0x0</page_id>
         <origin>0xffe0</origin>
         <length>0x2</length>
         <used_space>0x2</used_space>
         <unused_space>0x0</unused_space>
         <attributes>RWIX</attributes>
         <usage_details>
            <allocated_space>
               <start_address>0xffe0</start_address>
               <size>0x2</size>
               <logical_group_ref idref="lg-15"/>
            </allocated_space>
         </usage_details>
      </memory_area>
      <memory_area display="no" color="green">
         <name>INT01</name>
         <page_id>0x0</page_id>
         <origin>0xffe2</origin>
         <length>0x2</length>
         <used_space>0x0</used_space>
         <unused_space>0x2</unused_space>
         <attributes>RWIX</attributes>
         <usage_details>
         </usage_details>
      </memory_area>
      <memory_area display="no" color="green">
         <name>INT02</name>
         <page_id>0x0</page_id>
         <origin>0xffe4</origin>
         <length>0x2</length>
         <used_space>0x2</used_space>
         <unused_space>0x0</unused_space>
         <attributes>RWIX</attributes>
         <usage_details>
            <allocated_space>
               <start_address>0xffe4</start_address>
               <size>0x2</size>
               <logical_group_ref idref="lg-18"/>
            </allocated_space>
         </usage_details>
      </memory_area>
      <memory_area display="no" color="green">
         <name>INT03</name>
         <page_id>0x0</page_id>
         <origin>0xffe6</origin>
         <length>0x2</length>
         <used_space>0x2</used_space>
         <unused_space>0x0</unused_space>
         <attributes>RWIX</attributes>
         <usage_details>
            <allocated_space>
               <start_address>0xffe6</start_address>
               <size>0x2</size>
               <logical_group_ref idref="lg-1a"/>
            </allocated_space>
         </usage_details>
      </memory_area>
      <memory_area display="no" color="green">
         <name>INT04</name>
         <page_id>0x0</page_id>
         <origin>0xffe8</origin>
         <length>0x2</length>
         <used_space>0x0</used_space>
         <unused_space>0x2</unused_space>
         <attributes>RWIX</attributes>
         <usage_details>
         </usage_details>
      </memory_area>
      <memory_area display="no" color="green">
         <name>INT05</name>
         <page_id>0x0</page_id>
         <origin>0xffea</origin>
         <length>0x2</length>
         <used_space>0x2</used_space>
         <unused_space>0x0</unused_space>
         <attributes>RWIX</attributes>
         <usage_details>
            <allocated_space>
               <start_address>0xffea</start_address>
               <size>0x2</size>
               <logical_group_ref idref="lg-1d"/>
            </allocated_space>
         </usage_details>
      </memory_area>
      <memory_area display="no" color="green">
         <name>INT06</name>
         <page_id>0x0</page_id>
         <origin>0xffec</origin>
         <length>0x2</length>
         <used_space>0x2</used_space>
         <unused_space>0x0</unused_space>
         <attributes>RWIX</attributes>
         <usage_details>
            <allocated_space>
               <start_address>0xffec</start_address>
               <size>0x2</size>
               <logical_group_ref idref="lg-1f"/>
            </allocated_space>
         </usage_details>
      </memory_area>
      <memory_area display="no" color="green">
         <name>INT07</name>
         <page_id>0x0</page_id>
         <origin>0xffee</origin>
         <length>0x2</length>
         <used_space>0x2</used_space>
         <unused_space>0x0</unused_space>
         <attributes>RWIX</attributes>
         <usage_details>
            <allocated_space>
               <start_address>0xffee</start_address>
               <size>0x2</size>
               <logical_group_ref idref="lg-21"/>
            </allocated_space>
         </usage_details>
      </memory_area>
      <memory_area display="no" color="green">
         <name>INT08</name>
         <page_id>0x0</page_id>
         <origin>0xfff0</origin>
         <length>0x2</length>
         <used_space>0x2</used_space>
         <unused_space>0x0</unused_space>
         <attributes>RWIX</attributes>
         <usage_details>
            <allocated_space>
               <start_address>0xfff0</start_address>
               <size>0x2</size>
               <logical_group_ref idref="lg-23"/>
            </allocated_space>
         </usage_details>
      </memory_area>
      <memory_area display="no" color="green">
         <name>INT09</name>
         <page_id>0x0</page_id>
         <origin>0xfff2</origin>
         <length>0x2</length>
         <used_space>0x2</used_space>
         <unused_space>0x0</unused_space>
         <attributes>RWIX</attributes>
         <usage_details>
            <allocated_space>
               <start_address>0xfff2</start_address>
               <size>0x2</size>
               <logical_group_ref idref="lg-25"/>
            </allocated_space>
         </usage_details>
      </memory_area>
      <memory_area display="no" color="green">
         <name>INT10</name>
         <page_id>0x0</page_id>
         <origin>0xfff4</origin>
         <length>0x2</length>
         <used_space>0x2</used_space>
         <unused_space>0x0</unused_space>
         <attributes>RWIX</attributes>
         <usage_details>
            <allocated_space>
               <start_address>0xfff4</start_address>
               <size>0x2</size>
               <logical_group_ref idref="lg-27"/>
            </allocated_space>
         </usage_details>
      </memory_area>
      <memory_area display="no" color="green">
         <name>INT11</name>
         <page_id>0x0</page_id>
         <origin>0xfff6</origin>
         <length>0x2</length>
         <used_space>0x2</used_space>
         <unused_space>0x0</unused_space>
         <attributes>RWIX</attributes>
         <usage_details>
            <allocated_space>
               <start_address>0xfff6</start_address>
               <size>0x2</size>
               <logical_group_ref idref="lg-29"/>
            </allocated_space>
         </usage_details>
      </memory_area>
      <memory_area display="no" color="green">
         <name>INT12</name>
         <page_id>0x0</page_id>
         <origin>0xfff8</origin>
         <length>0x2</length>
         <used_space>0x2</used_space>
         <unused_space>0x0</unused_space>
         <attributes>RWIX</attributes>
         <usage_details>
            <allocated_space>
               <start_address>0xfff8</start_address>
               <size>0x2</size>
               <logical_group_ref idref="lg-2b"/>
            </allocated_space>
         </usage_details>
      </memory_area>
      <memory_area display="no" color="green">
         <name>INT13</name>
         <page_id>0x0</page_id>
         <origin>0xfffa</origin>
         <length>0x2</length>
         <used_space>0x2</used_space>
         <unused_space>0x0</unused_space>
         <attributes>RWIX</attributes>
         <usage_details>
            <allocated_space>
               <start_address>0xfffa</start_address>
               <size>0x2</size>
               <logical_group_ref idref="lg-2d"/>
            </allocated_space>
         </usage_details>
      </memory_area>
      <memory_area display="no" color="green">
         <name>INT14</name>
         <page_id>0x0</page_id>
         <origin>0xfffc</origin>
         <length>0x2</length>
         <used_space>0x2</used_space>
         <unused_space>0x0</unused_space>
         <attributes>RWIX</attributes>
         <usage_details>
            <allocated_space>
               <start_address>0xfffc</start_address>
               <size>0x2</size>
               <logical_group_ref idref="lg-2f"/>
            </allocated_space>
         </usage_details>
      </memory_area>
      <memory_area display="no" color="green">
         <name>RESET</name>
         <page_id>0x0</page_id>
         <origin>0xfffe</origin>
         <length>0x2</length>
         <used_space>0x2</used_space>
         <unused_space>0x0</unused_space>
         <attributes>RWIX</attributes>
         <usage_details>
            <allocated_space>
               <start_address>0xfffe</start_address>
               <size>0x2</size>
               <logical_group_ref idref="lg-31"/>
            </allocated_space>
         </usage_details>
      </memory_area>
   </placement_map>
   <symbol_table>
      <symbol id="sm-1">
         <name>IE1</name>
         <value>0x0</value>
      </symbol>
      <symbol id="sm-2">
         <name>IFG1</name>
         <value>0x2</value>
      </symbol>
      <symbol id="sm-3">
         <name>IE2</name>
         <value>0x1</value>
      </symbol>
      <symbol id="sm-4">
         <name>IFG2</name>
         <value>0x3</value>
      </symbol>
      <symbol id="sm-5">
         <name>ADC10DTC0</name>
         <value>0x48</value>
      </symbol>
      <symbol id="sm-6">
         <name>ADC10DTC1</name>
         <value>0x49</value>
      </symbol>
      <symbol id="sm-7">
         <name>ADC10AE0</name>
         <value>0x4a</value>
      </symbol>
      <symbol id="sm-8">
         <name>ADC10CTL0</name>
         <value>0x1b0</value>
      </symbol>
      <symbol id="sm-9">
         <name>ADC10CTL1</name>
         <value>0x1b2</value>
      </symbol>
      <symbol id="sm-a">
         <name>ADC10MEM</name>
         <value>0x1b4</value>
      </symbol>
      <symbol id="sm-b">
         <name>ADC10SA</name>
         <value>0x1bc</value>
      </symbol>
      <symbol id="sm-c">
         <name>DCOCTL</name>
         <value>0x56</value>
      </symbol>
      <symbol id="sm-d">
         <name>BCSCTL1</name>
         <value>0x57</value>
      </symbol>
      <symbol id="sm-e">
         <name>BCSCTL2</name>
         <value>0x58</value>
      </symbol>
      <symbol id="sm-f">
         <name>BCSCTL3</name>
         <value>0x53</value>
      </symbol>
      <symbol id="sm-10">
         <name>CACTL1</name>
         <value>0x59</value>
      </symbol>
      <symbol id="sm-11">
         <name>CACTL2</name>
         <value>0x5a</value>
      </symbol>
      <symbol id="sm-12">
         <name>CAPD</name>
         <value>0x5b</value>
      </symbol>
      <symbol id="sm-13">
         <name>FCTL1</name>
         <value>0x128</value>
      </symbol>
      <symbol id="sm-14">
         <name>FCTL2</name>
         <value>0x12a</value>
      </symbol>
      <symbol id="sm-15">
         <name>FCTL3</name>
         <value>0x12c</value>
      </symbol>
      <symbol id="sm-16">
         <name>P1IN</name>
         <value>0x20</value>
      </symbol>
      <symbol id="sm-17">
         <name>P1OUT</name>
         <value>0x21</value>
      </symbol>
      <symbol id="sm-18">
         <name>P1DIR</name>
         <value>0x22</value>
      </symbol>
      <symbol id="sm-19">
         <name>P1IFG</name>
         <value>0x23</value>
      </symbol>
      <symbol id="sm-1a">
         <name>P1IES</name>
         <value>0x24</value>
      </symbol>
      <symbol id="sm-1b">
         <name>P1IE</name>
         <value>0x25</value>
      </symbol>
      <symbol id="sm-1c">
         <name>P1SEL</name>
         <value>0x26</value>
      </symbol>
      <symbol id="sm-1d">
         <name>P1SEL2</name>
         <value>0x41</value>
      </symbol>
      <symbol id="sm-1e">
         <name>P1REN</name>
         <value>0x27</value>
      </symbol>
      <symbol id="sm-1f">
         <name>P2IN</name>
         <value>0x28</value>
      </symbol>
      <symbol id="sm-20">
         <name>P2OUT</name>
         <value>0x29</value>
      </symbol>
      <symbol id="sm-21">
         <name>P2DIR</name>
         <value>0x2a</value>
      </symbol>
      <symbol id="sm-22">
         <name>P2IFG</name>
         <value>0x2b</value>
      </symbol>
      <symbol id="sm-23">
         <name>P2IES</name>
         <value>0x2c</value>
      </symbol>
      <symbol id="sm-24">
         <name>P2IE</name>
         <value>0x2d</value>
      </symbol>
      <symbol id="sm-25">
         <name>P2SEL</name>
         <value>0x2e</value>
      </symbol>
      <symbol id="sm-26">
         <name>P2SEL2</name>
         <value>0x42</value>
      </symbol>
      <symbol id="sm-27">
         <name>P2REN</name>
         <value>0x2f</value>
      </symbol>
      <symbol id="sm-28">
         <name>P3IN</name>
         <value>0x18</value>
      </symbol>
      <symbol id="sm-29">
         <name>P3OUT</name>
         <value>0x19</value>
      </symbol>
      <symbol id="sm-2a">
         <name>P3DIR</name>
         <value>0x1a</value>
      </symbol>
      <symbol id="sm-2b">
         <name>P3SEL</name>
         <value>0x1b</value>
      </symbol>
      <symbol id="sm-2c">
         <name>P3SEL2</name>
         <value>0x43</value>
      </symbol>
      <symbol id="sm-2d">
         <name>P3REN</name>
         <value>0x10</value>
      </symbol>
      <symbol id="sm-2e">
         <name>TA0IV</name>
         <value>0x12e</value>
      </symbol>
      <symbol id="sm-2f">
         <name>TA0CTL</name>
         <value>0x160</value>
      </symbol>
      <symbol id="sm-30">
         <name>TA0CCTL0</name>
         <value>0x162</value>
      </symbol>
      <symbol id="sm-31">
         <name>TA0CCTL1</name>
         <value>0x164</value>
      </symbol>
      <symbol id="sm-32">
         <name>TA0CCTL2</name>
         <value>0x166</value>
      </symbol>
      <symbol id="sm-33">
         <name>TA0R</name>
         <value>0x170</value>
      </symbol>
      <symbol id="sm-34">
         <name>TA0CCR0</name>
         <value>0x172</value>
      </symbol>
      <symbol id="sm-35">
         <name>TA0CCR1</name>
         <value>0x174</value>
      </symbol>
      <symbol id="sm-36">
         <name>TA0CCR2</name>
         <value>0x176</value>
      </symbol>
      <symbol id="sm-37">
         <name>TA1IV</name>
         <value>0x11e</value>
      </symbol>
      <symbol id="sm-38">
         <name>TA1CTL</name>
         <value>0x180</value>
      </symbol>
      <symbol id="sm-39">
         <name>TA1CCTL0</name>
         <value>0x182</value>
      </symbol>
      <symbol id="sm-3a">
         <name>TA1CCTL1</name>
         <value>0x184</value>
      </symbol>
      <symbol id="sm-3b">
         <name>TA1CCTL2</name>
         <value>0x186</value>
      </symbol>
      <symbol id="sm-3c">
         <name>TA1R</name>
         <value>0x190</value>
      </symbol>
      <symbol id="sm-3d">
         <name>TA1CCR0</name>
         <value>0x192</value>
      </symbol>
      <symbol id="sm-3e">
         <name>TA1CCR1</name>
         <value>0x194</value>
      </symbol>
      <symbol id="sm-3f">
         <name>TA1CCR2</name>
         <value>0x196</value>
      </symbol>
      <symbol id="sm-40">
         <name>UCA0CTL0</name>
         <value>0x60</value>
      </symbol>
      <symbol id="sm-41">
         <name>UCA0CTL1</name>
         <value>0x61</value>
      </symbol>
      <symbol id="sm-42">
         <name>UCA0BR0</name>
         <value>0x62</value>
      </symbol>
      <symbol id="sm-43">
         <name>UCA0BR1</name>
         <value>0x63</value>
      </symbol>
      <symbol id="sm-44">
         <name>UCA0MCTL</name>
         <value>0x64</value>
      </symbol>
      <symbol id="sm-45">
         <name>UCA0STAT</name>
         <value>0x65</value>
      </symbol>
      <symbol id="sm-46">
         <name>UCA0RXBUF</name>
         <value>0x66</value>
      </symbol>
      <symbol id="sm-47">
         <name>UCA0TXBUF</name>
         <value>0x67</value>
      </symbol>
      <symbol id="sm-48">
         <name>UCA0ABCTL</name>
         <value>0x5d</value>
      </symbol>
      <symbol id="sm-49">
         <name>UCA0IRTCTL</name>
         <value>0x5e</value>
      </symbol>
      <symbol id="sm-4a">
         <name>UCA0IRRCTL</name>
         <value>0x5f</value>
      </symbol>
      <symbol id="sm-4b">
         <name>UCB0CTL0</name>
         <value>0x68</value>
      </symbol>
      <symbol id="sm-4c">
         <name>UCB0CTL1</name>
         <value>0x69</value>
      </symbol>
      <symbol id="sm-4d">
         <name>UCB0BR0</name>
         <value>0x6a</value>
      </symbol>
      <symbol id="sm-4e">
         <name>UCB0BR1</name>
         <value>0x6b</value>
      </symbol>
      <symbol id="sm-4f">
         <name>UCB0I2CIE</name>
         <value>0x6c</value>
      </symbol>
      <symbol id="sm-50">
         <name>UCB0STAT</name>
         <value>0x6d</value>
      </symbol>
      <symbol id="sm-51">
         <name>UCB0RXBUF</name>
         <value>0x6e</value>
      </symbol>
      <symbol id="sm-52">
         <name>UCB0TXBUF</name>
         <value>0x6f</value>
      </symbol>
      <symbol id="sm-53">
         <name>UCB0I2COA</name>
         <value>0x118</value>
      </symbol>
      <symbol id="sm-54">
         <name>UCB0I2CSA</name>
         <value>0x11a</value>
      </symbol>
      <symbol id="sm-55">
         <name>WDTCTL</name>
         <value>0x120</value>
      </symbol>
      <symbol id="sm-56">
         <name>CALDCO_16MHZ</name>
         <value>0x10f8</value>
      </symbol>
      <symbol id="sm-57">
         <name>CALBC1_16MHZ</name>
         <value>0x10f9</value>
      </symbol>
      <symbol id="sm-58">
         <name>CALDCO_12MHZ</name>
         <value>0x10fa</value>
      </symbol>
      <symbol id="sm-59">
         <name>CALBC1_12MHZ</name>
         <value>0x10fb</value>
      </symbol>
      <symbol id="sm-5a">
         <name>CALDCO_8MHZ</name>
         <value>0x10fc</value>
      </symbol>
      <symbol id="sm-5b">
         <name>CALBC1_8MHZ</name>
         <value>0x10fd</value>
      </symbol>
      <symbol id="sm-5c">
         <name>CALDCO_1MHZ</name>
         <value>0x10fe</value>
      </symbol>
      <symbol id="sm-5d">
         <name>CALBC1_1MHZ</name>
         <value>0x10ff</value>
      </symbol>
      <symbol id="sm-5e">
         <name>TLV_CHECKSUM</name>
         <value>0x10c0</value>
      </symbol>
      <symbol id="sm-5f">
         <name>TLV_DCO_30_TAG</name>
         <value>0x10f6</value>
      </symbol>
      <symbol id="sm-60">
         <name>TLV_DCO_30_LEN</name>
         <value>0x10f7</value>
      </symbol>
      <symbol id="sm-61">
         <name>TLV_ADC10_1_TAG</name>
         <value>0x10da</value>
      </symbol>
      <symbol id="sm-62">
         <name>TLV_ADC10_1_LEN</name>
         <value>0x10db</value>
      </symbol>
      <symbol id="sm-63">
         <name>binit</name>
         <value>0xffffffff</value>
      </symbol>
      <symbol id="sm-64">
         <name>__binit__</name>
         <value>0xffffffff</value>
      </symbol>
      <symbol id="sm-65">
         <name>__STACK_SIZE</name>
         <value>0x50</value>
      </symbol>
      <symbol id="sm-66">
         <name>__STACK_END</name>
         <value>0x400</value>
      </symbol>
      <symbol id="sm-67">
         <name>__c_args__</name>
         <value>0xffffffff</value>
      </symbol>
      <symbol id="sm-b7">
         <name>sUartSetup</name>
         <value>0xc020</value>
         <object_component_ref idref="oc-120"/>
      </symbol>
      <symbol id="sm-b8">
         <name>main</name>
         <value>0xc210</value>
         <object_component_ref idref="oc-d8"/>
      </symbol>
      <symbol id="sm-b9">
         <name>sClkSetup</name>
         <value>0xc000</value>
         <object_component_ref idref="oc-120"/>
      </symbol>
      <symbol id="sm-cb">
         <name>clkSetup</name>
         <value>0xc170</value>
         <object_component_ref idref="oc-123"/>
      </symbol>
      <symbol id="sm-f4">
         <name>gpioLow</name>
         <value>0xc296</value>
         <object_component_ref idref="oc-13b"/>
      </symbol>
      <symbol id="sm-f5">
         <name>gpioIntSetup</name>
         <value>0xc1d2</value>
         <object_component_ref idref="oc-12f"/>
      </symbol>
      <symbol id="sm-f6">
         <name>gpioHigh</name>
         <value>0xc284</value>
         <object_component_ref idref="oc-135"/>
      </symbol>
      <symbol id="sm-f7">
         <name>gpioSetup</name>
         <value>0xc248</value>
         <object_component_ref idref="oc-129"/>
      </symbol>
      <symbol id="sm-102">
         <name>_stack</name>
         <value>0x3b0</value>
         <object_component_ref idref="oc-8e"/>
      </symbol>
      <symbol id="sm-103">
         <name>_reset_vector</name>
         <value>0xfffe</value>
         <object_component_ref idref="oc-91"/>
      </symbol>
      <symbol id="sm-10d">
         <name>_c_int00_noinit_noargs_noexit</name>
         <value>0xc272</value>
         <object_component_ref idref="oc-82"/>
      </symbol>
      <symbol id="sm-11e">
         <name>C$$EXIT</name>
         <value>0xc2b2</value>
         <object_component_ref idref="oc-e0"/>
      </symbol>
      <symbol id="sm-11f">
         <name>abort</name>
         <value>0xc2b2</value>
         <object_component_ref idref="oc-e0"/>
      </symbol>
      <symbol id="sm-123">
         <name>__TI_int00</name>
         <value>0xffe0</value>
         <object_component_ref idref="oc-3f"/>
      </symbol>
      <symbol id="sm-126">
         <name>__TI_int02</name>
         <value>0xffe4</value>
         <object_component_ref idref="oc-40"/>
      </symbol>
      <symbol id="sm-129">
         <name>__TI_int03</name>
         <value>0xffe6</value>
         <object_component_ref idref="oc-41"/>
      </symbol>
      <symbol id="sm-12c">
         <name>__TI_int05</name>
         <value>0xffea</value>
         <object_component_ref idref="oc-42"/>
      </symbol>
      <symbol id="sm-12f">
         <name>__TI_int06</name>
         <value>0xffec</value>
         <object_component_ref idref="oc-43"/>
      </symbol>
      <symbol id="sm-132">
         <name>__TI_int07</name>
         <value>0xffee</value>
         <object_component_ref idref="oc-44"/>
      </symbol>
      <symbol id="sm-135">
         <name>__TI_int08</name>
         <value>0xfff0</value>
         <object_component_ref idref="oc-45"/>
      </symbol>
      <symbol id="sm-138">
         <name>__TI_int09</name>
         <value>0xfff2</value>
         <object_component_ref idref="oc-46"/>
      </symbol>
      <symbol id="sm-13b">
         <name>__TI_int10</name>
         <value>0xfff4</value>
         <object_component_ref idref="oc-47"/>
      </symbol>
      <symbol id="sm-13e">
         <name>__TI_int11</name>
         <value>0xfff6</value>
         <object_component_ref idref="oc-48"/>
      </symbol>
      <symbol id="sm-141">
         <name>__TI_int12</name>
         <value>0xfff8</value>
         <object_component_ref idref="oc-49"/>
      </symbol>
      <symbol id="sm-144">
         <name>__TI_int13</name>
         <value>0xfffa</value>
         <object_component_ref idref="oc-4a"/>
      </symbol>
      <symbol id="sm-147">
         <name>__TI_int14</name>
         <value>0xfffc</value>
         <object_component_ref idref="oc-4b"/>
      </symbol>
      <symbol id="sm-14f">
         <name>__TI_ISR_TRAP</name>
         <value>0xc2a8</value>
         <object_component_ref idref="oc-ac"/>
      </symbol>
      <symbol id="sm-15b">
         <name>_system_pre_init</name>
         <value>0xc2ae</value>
         <object_component_ref idref="oc-b8"/>
      </symbol>
   </symbol_table>
   <title>Link successful</title>
</link_info>
