<?xml version="1.0"?>
<link_info>
   <banner>MSP430 Linker PC v4.4.7</banner>
   <copyright>Copyright (c) 2003-2015 Texas Instruments Incorporated</copyright>
   <link_time>0x57f8ced4</link_time>
   <link_errors>0x0</link_errors>
   <output_file>WATCHDOG TIMER.out</output_file>
   <entry_point>
      <name>_c_int00_noinit_noargs_noexit</name>
      <address>0xc096</address>
   </entry_point>
   <input_file_list>
      <input_file id="fl-2">
         <path>.\</path>
         <kind>object</kind>
         <file>main.obj</file>
         <name>main.obj</name>
      </input_file>
      <input_file id="fl-3">
         <path>.\Library Files\</path>
         <kind>object</kind>
         <file>CLOCK_1_0_1.obj</file>
         <name>CLOCK_1_0_1.obj</name>
      </input_file>
      <input_file id="fl-4">
         <path>.\Library Files\</path>
         <kind>object</kind>
         <file>GPIO_1_0_1.obj</file>
         <name>GPIO_1_0_1.obj</name>
      </input_file>
      <input_file id="fl-5">
         <path>.\Library Files\</path>
         <kind>object</kind>
         <file>USCI_UART_1_0_1.obj</file>
         <name>USCI_UART_1_0_1.obj</name>
      </input_file>
      <input_file id="fl-6">
         <path>.\Library Files\</path>
         <kind>object</kind>
         <file>WATCHDOG_1_0_1.obj</file>
         <name>WATCHDOG_1_0_1.obj</name>
      </input_file>
      <input_file id="fl-35">
         <path>C:\ti\ccsv6\tools\compiler\ti-cgt-msp430_4.4.7\lib\</path>
         <kind>archive</kind>
         <file>rts430_eabi.lib</file>
         <name>boot.obj</name>
      </input_file>
      <input_file id="fl-36">
         <path>C:\ti\ccsv6\tools\compiler\ti-cgt-msp430_4.4.7\lib\</path>
         <kind>archive</kind>
         <file>rts430_eabi.lib</file>
         <name>boot_special.obj</name>
      </input_file>
      <input_file id="fl-37">
         <path>C:\ti\ccsv6\tools\compiler\ti-cgt-msp430_4.4.7\lib\</path>
         <kind>archive</kind>
         <file>rts430_eabi.lib</file>
         <name>copy_decompress_none.obj</name>
      </input_file>
      <input_file id="fl-38">
         <path>C:\ti\ccsv6\tools\compiler\ti-cgt-msp430_4.4.7\lib\</path>
         <kind>archive</kind>
         <file>rts430_eabi.lib</file>
         <name>copy_decompress_rle.obj</name>
      </input_file>
      <input_file id="fl-39">
         <path>C:\ti\ccsv6\tools\compiler\ti-cgt-msp430_4.4.7\lib\</path>
         <kind>archive</kind>
         <file>rts430_eabi.lib</file>
         <name>copy_zero_init.obj</name>
      </input_file>
      <input_file id="fl-3a">
         <path>C:\ti\ccsv6\tools\compiler\ti-cgt-msp430_4.4.7\lib\</path>
         <kind>archive</kind>
         <file>rts430_eabi.lib</file>
         <name>div16s.obj</name>
      </input_file>
      <input_file id="fl-3b">
         <path>C:\ti\ccsv6\tools\compiler\ti-cgt-msp430_4.4.7\lib\</path>
         <kind>archive</kind>
         <file>rts430_eabi.lib</file>
         <name>div16u.obj</name>
      </input_file>
      <input_file id="fl-3c">
         <path>C:\ti\ccsv6\tools\compiler\ti-cgt-msp430_4.4.7\lib\</path>
         <kind>archive</kind>
         <file>rts430_eabi.lib</file>
         <name>epilog.obj</name>
      </input_file>
      <input_file id="fl-3d">
         <path>C:\ti\ccsv6\tools\compiler\ti-cgt-msp430_4.4.7\lib\</path>
         <kind>archive</kind>
         <file>rts430_eabi.lib</file>
         <name>exit.obj</name>
      </input_file>
      <input_file id="fl-3e">
         <path>C:\ti\ccsv6\tools\compiler\ti-cgt-msp430_4.4.7\lib\</path>
         <kind>archive</kind>
         <file>rts430_eabi.lib</file>
         <name>exit_gvars.obj</name>
      </input_file>
      <input_file id="fl-3f">
         <path>C:\ti\ccsv6\tools\compiler\ti-cgt-msp430_4.4.7\lib\</path>
         <kind>archive</kind>
         <file>rts430_eabi.lib</file>
         <name>int00.obj</name>
      </input_file>
      <input_file id="fl-40">
         <path>C:\ti\ccsv6\tools\compiler\ti-cgt-msp430_4.4.7\lib\</path>
         <kind>archive</kind>
         <file>rts430_eabi.lib</file>
         <name>int02.obj</name>
      </input_file>
      <input_file id="fl-41">
         <path>C:\ti\ccsv6\tools\compiler\ti-cgt-msp430_4.4.7\lib\</path>
         <kind>archive</kind>
         <file>rts430_eabi.lib</file>
         <name>int03.obj</name>
      </input_file>
      <input_file id="fl-42">
         <path>C:\ti\ccsv6\tools\compiler\ti-cgt-msp430_4.4.7\lib\</path>
         <kind>archive</kind>
         <file>rts430_eabi.lib</file>
         <name>int05.obj</name>
      </input_file>
      <input_file id="fl-43">
         <path>C:\ti\ccsv6\tools\compiler\ti-cgt-msp430_4.4.7\lib\</path>
         <kind>archive</kind>
         <file>rts430_eabi.lib</file>
         <name>int06.obj</name>
      </input_file>
      <input_file id="fl-44">
         <path>C:\ti\ccsv6\tools\compiler\ti-cgt-msp430_4.4.7\lib\</path>
         <kind>archive</kind>
         <file>rts430_eabi.lib</file>
         <name>int07.obj</name>
      </input_file>
      <input_file id="fl-45">
         <path>C:\ti\ccsv6\tools\compiler\ti-cgt-msp430_4.4.7\lib\</path>
         <kind>archive</kind>
         <file>rts430_eabi.lib</file>
         <name>int08.obj</name>
      </input_file>
      <input_file id="fl-46">
         <path>C:\ti\ccsv6\tools\compiler\ti-cgt-msp430_4.4.7\lib\</path>
         <kind>archive</kind>
         <file>rts430_eabi.lib</file>
         <name>int09.obj</name>
      </input_file>
      <input_file id="fl-47">
         <path>C:\ti\ccsv6\tools\compiler\ti-cgt-msp430_4.4.7\lib\</path>
         <kind>archive</kind>
         <file>rts430_eabi.lib</file>
         <name>int10.obj</name>
      </input_file>
      <input_file id="fl-48">
         <path>C:\ti\ccsv6\tools\compiler\ti-cgt-msp430_4.4.7\lib\</path>
         <kind>archive</kind>
         <file>rts430_eabi.lib</file>
         <name>int11.obj</name>
      </input_file>
      <input_file id="fl-49">
         <path>C:\ti\ccsv6\tools\compiler\ti-cgt-msp430_4.4.7\lib\</path>
         <kind>archive</kind>
         <file>rts430_eabi.lib</file>
         <name>int12.obj</name>
      </input_file>
      <input_file id="fl-4a">
         <path>C:\ti\ccsv6\tools\compiler\ti-cgt-msp430_4.4.7\lib\</path>
         <kind>archive</kind>
         <file>rts430_eabi.lib</file>
         <name>int13.obj</name>
      </input_file>
      <input_file id="fl-4b">
         <path>C:\ti\ccsv6\tools\compiler\ti-cgt-msp430_4.4.7\lib\</path>
         <kind>archive</kind>
         <file>rts430_eabi.lib</file>
         <name>int14.obj</name>
      </input_file>
      <input_file id="fl-4c">
         <path>C:\ti\ccsv6\tools\compiler\ti-cgt-msp430_4.4.7\lib\</path>
         <kind>archive</kind>
         <file>rts430_eabi.lib</file>
         <name>isr_trap.obj</name>
      </input_file>
      <input_file id="fl-4d">
         <path>C:\ti\ccsv6\tools\compiler\ti-cgt-msp430_4.4.7\lib\</path>
         <kind>archive</kind>
         <file>rts430_eabi.lib</file>
         <name>memcpy.obj</name>
      </input_file>
      <input_file id="fl-4e">
         <path>C:\ti\ccsv6\tools\compiler\ti-cgt-msp430_4.4.7\lib\</path>
         <kind>archive</kind>
         <file>rts430_eabi.lib</file>
         <name>mpu_init.obj</name>
      </input_file>
      <input_file id="fl-4f">
         <path>C:\ti\ccsv6\tools\compiler\ti-cgt-msp430_4.4.7\lib\</path>
         <kind>archive</kind>
         <file>rts430_eabi.lib</file>
         <name>mult16.obj</name>
      </input_file>
      <input_file id="fl-50">
         <path>C:\ti\ccsv6\tools\compiler\ti-cgt-msp430_4.4.7\lib\</path>
         <kind>archive</kind>
         <file>rts430_eabi.lib</file>
         <name>pre_init.obj</name>
      </input_file>
      <input_file id="fl-51">
         <path>C:\ti\ccsv6\tools\compiler\ti-cgt-msp430_4.4.7\lib\</path>
         <kind>archive</kind>
         <file>rts430_eabi.lib</file>
         <name>_lock.obj</name>
      </input_file>
      <input_file id="fl-52">
         <path>C:\ti\ccsv6\tools\compiler\ti-cgt-msp430_4.4.7\lib\</path>
         <kind>archive</kind>
         <file>rts430_eabi.lib</file>
         <name>args_main.obj</name>
      </input_file>
      <input_file id="fl-53">
         <path>C:\ti\ccsv6\tools\compiler\ti-cgt-msp430_4.4.7\lib\</path>
         <kind>archive</kind>
         <file>rts430_eabi.lib</file>
         <name>autoinit.obj</name>
      </input_file>
   </input_file_list>
   <object_component_list>
      <object_component id="oc-8c">
         <name>.stack</name>
         <uninitialized>true</uninitialized>
         <run_address>0x3b0</run_address>
         <size>0x2</size>
         <input_file_ref idref="fl-35"/>
      </object_component>
      <object_component id="oc-19c">
         <name>.stack</name>
         <uninitialized>true</uninitialized>
         <run_address>0x3b0</run_address>
         <size>0x0</size>
      </object_component>
      <object_component id="oc-d6">
         <name>.text:main</name>
         <load_address>0xc000</load_address>
         <run_address>0xc000</run_address>
         <size>0x44</size>
         <input_file_ref idref="fl-2"/>
      </object_component>
      <object_component id="oc-124">
         <name>.text:gpioSetup</name>
         <load_address>0xc044</load_address>
         <run_address>0xc044</run_address>
         <size>0x36</size>
         <input_file_ref idref="fl-4"/>
      </object_component>
      <object_component id="oc-11e">
         <name>.text:wdtSetup</name>
         <load_address>0xc07a</load_address>
         <run_address>0xc07a</run_address>
         <size>0x1c</size>
         <input_file_ref idref="fl-6"/>
      </object_component>
      <object_component id="oc-80">
         <name>.text:_c_int00_noinit_noargs_noexit</name>
         <load_address>0xc096</load_address>
         <run_address>0xc096</run_address>
         <size>0x12</size>
         <input_file_ref idref="fl-36"/>
      </object_component>
      <object_component id="oc-12a">
         <name>.text:gpioToggle</name>
         <load_address>0xc0a8</load_address>
         <run_address>0xc0a8</run_address>
         <size>0x12</size>
         <input_file_ref idref="fl-4"/>
      </object_component>
      <object_component id="oc-130">
         <name>.text:wdtClear</name>
         <load_address>0xc0ba</load_address>
         <run_address>0xc0ba</run_address>
         <size>0x8</size>
         <input_file_ref idref="fl-6"/>
      </object_component>
      <object_component id="oc-aa">
         <name>.text:_isr:__TI_ISR_TRAP</name>
         <load_address>0xc0c2</load_address>
         <run_address>0xc0c2</run_address>
         <size>0x6</size>
         <input_file_ref idref="fl-4c"/>
      </object_component>
      <object_component id="oc-b6">
         <name>.text:_system_pre_init</name>
         <load_address>0xc0c8</load_address>
         <run_address>0xc0c8</run_address>
         <size>0x4</size>
         <input_file_ref idref="fl-50"/>
      </object_component>
      <object_component id="oc-de">
         <name>.text:abort</name>
         <load_address>0xc0cc</load_address>
         <run_address>0xc0cc</run_address>
         <size>0x4</size>
         <input_file_ref idref="fl-3d"/>
      </object_component>
      <object_component id="oc-3d">
         <name>.int00</name>
         <load_address>0xffe0</load_address>
         <run_address>0xffe0</run_address>
         <size>0x2</size>
         <input_file_ref idref="fl-3f"/>
      </object_component>
      <object_component id="oc-3e">
         <name>.int02</name>
         <load_address>0xffe4</load_address>
         <run_address>0xffe4</run_address>
         <size>0x2</size>
         <input_file_ref idref="fl-40"/>
      </object_component>
      <object_component id="oc-3f">
         <name>.int03</name>
         <load_address>0xffe6</load_address>
         <run_address>0xffe6</run_address>
         <size>0x2</size>
         <input_file_ref idref="fl-41"/>
      </object_component>
      <object_component id="oc-40">
         <name>.int05</name>
         <load_address>0xffea</load_address>
         <run_address>0xffea</run_address>
         <size>0x2</size>
         <input_file_ref idref="fl-42"/>
      </object_component>
      <object_component id="oc-41">
         <name>.int06</name>
         <load_address>0xffec</load_address>
         <run_address>0xffec</run_address>
         <size>0x2</size>
         <input_file_ref idref="fl-43"/>
      </object_component>
      <object_component id="oc-42">
         <name>.int07</name>
         <load_address>0xffee</load_address>
         <run_address>0xffee</run_address>
         <size>0x2</size>
         <input_file_ref idref="fl-44"/>
      </object_component>
      <object_component id="oc-43">
         <name>.int08</name>
         <load_address>0xfff0</load_address>
         <run_address>0xfff0</run_address>
         <size>0x2</size>
         <input_file_ref idref="fl-45"/>
      </object_component>
      <object_component id="oc-44">
         <name>.int09</name>
         <load_address>0xfff2</load_address>
         <run_address>0xfff2</run_address>
         <size>0x2</size>
         <input_file_ref idref="fl-46"/>
      </object_component>
      <object_component id="oc-45">
         <name>.int10</name>
         <load_address>0xfff4</load_address>
         <run_address>0xfff4</run_address>
         <size>0x2</size>
         <input_file_ref idref="fl-47"/>
      </object_component>
      <object_component id="oc-46">
         <name>.int11</name>
         <load_address>0xfff6</load_address>
         <run_address>0xfff6</run_address>
         <size>0x2</size>
         <input_file_ref idref="fl-48"/>
      </object_component>
      <object_component id="oc-47">
         <name>.int12</name>
         <load_address>0xfff8</load_address>
         <run_address>0xfff8</run_address>
         <size>0x2</size>
         <input_file_ref idref="fl-49"/>
      </object_component>
      <object_component id="oc-48">
         <name>.int13</name>
         <load_address>0xfffa</load_address>
         <run_address>0xfffa</run_address>
         <size>0x2</size>
         <input_file_ref idref="fl-4a"/>
      </object_component>
      <object_component id="oc-49">
         <name>.int14</name>
         <load_address>0xfffc</load_address>
         <run_address>0xfffc</run_address>
         <size>0x2</size>
         <input_file_ref idref="fl-4b"/>
      </object_component>
      <object_component id="oc-8f">
         <name>.reset</name>
         <load_address>0xfffe</load_address>
         <run_address>0xfffe</run_address>
         <size>0x2</size>
         <input_file_ref idref="fl-35"/>
      </object_component>
      <object_component id="oc-d7">
         <name>.debug_info</name>
         <load_address>0x0</load_address>
         <run_address>0x0</run_address>
         <size>0x148</size>
         <input_file_ref idref="fl-2"/>
      </object_component>
      <object_component id="oc-ec">
         <name>.debug_info</name>
         <load_address>0x148</load_address>
         <run_address>0x148</run_address>
         <size>0x84</size>
         <input_file_ref idref="fl-2"/>
      </object_component>
      <object_component id="oc-15d">
         <name>.debug_info</name>
         <load_address>0x1cc</load_address>
         <run_address>0x1cc</run_address>
         <size>0x394</size>
         <input_file_ref idref="fl-4"/>
      </object_component>
      <object_component id="oc-125">
         <name>.debug_info</name>
         <load_address>0x560</load_address>
         <run_address>0x560</run_address>
         <size>0x285</size>
         <input_file_ref idref="fl-4"/>
      </object_component>
      <object_component id="oc-12c">
         <name>.debug_info</name>
         <load_address>0x7e5</load_address>
         <run_address>0x7e5</run_address>
         <size>0x259</size>
         <input_file_ref idref="fl-4"/>
      </object_component>
      <object_component id="oc-120">
         <name>.debug_info</name>
         <load_address>0xa3e</load_address>
         <run_address>0xa3e</run_address>
         <size>0x247</size>
         <input_file_ref idref="fl-6"/>
      </object_component>
      <object_component id="oc-133">
         <name>.debug_info</name>
         <load_address>0xc85</load_address>
         <run_address>0xc85</run_address>
         <size>0x219</size>
         <input_file_ref idref="fl-6"/>
      </object_component>
      <object_component id="oc-8d">
         <name>.debug_info</name>
         <load_address>0xe9e</load_address>
         <run_address>0xe9e</run_address>
         <size>0x10b</size>
         <input_file_ref idref="fl-35"/>
      </object_component>
      <object_component id="oc-81">
         <name>.debug_info</name>
         <load_address>0xfa9</load_address>
         <run_address>0xfa9</run_address>
         <size>0x1a9</size>
         <input_file_ref idref="fl-36"/>
      </object_component>
      <object_component id="oc-e0">
         <name>.debug_info</name>
         <load_address>0x1152</load_address>
         <run_address>0x1152</run_address>
         <size>0x12d</size>
         <input_file_ref idref="fl-3d"/>
      </object_component>
      <object_component id="oc-ad">
         <name>.debug_info</name>
         <load_address>0x127f</load_address>
         <run_address>0x127f</run_address>
         <size>0x121</size>
         <input_file_ref idref="fl-4c"/>
      </object_component>
      <object_component id="oc-b7">
         <name>.debug_info</name>
         <load_address>0x13a0</load_address>
         <run_address>0x13a0</run_address>
         <size>0x15e</size>
         <input_file_ref idref="fl-50"/>
      </object_component>
      <object_component id="oc-19d">
         <name>.debug_info</name>
         <load_address>0x14fe</load_address>
         <run_address>0x14fe</run_address>
         <size>0xc3</size>
      </object_component>
      <object_component id="oc-da">
         <name>.debug_line</name>
         <load_address>0x0</load_address>
         <run_address>0x0</run_address>
         <size>0x49</size>
         <input_file_ref idref="fl-2"/>
      </object_component>
      <object_component id="oc-ef">
         <name>.debug_line</name>
         <load_address>0x49</load_address>
         <run_address>0x49</run_address>
         <size>0x20</size>
         <input_file_ref idref="fl-2"/>
      </object_component>
      <object_component id="oc-166">
         <name>.debug_line</name>
         <load_address>0x69</load_address>
         <run_address>0x69</run_address>
         <size>0x9c</size>
         <input_file_ref idref="fl-4"/>
      </object_component>
      <object_component id="oc-128">
         <name>.debug_line</name>
         <load_address>0x105</load_address>
         <run_address>0x105</run_address>
         <size>0xa6</size>
         <input_file_ref idref="fl-4"/>
      </object_component>
      <object_component id="oc-12b">
         <name>.debug_line</name>
         <load_address>0x1ab</load_address>
         <run_address>0x1ab</run_address>
         <size>0x9e</size>
         <input_file_ref idref="fl-4"/>
      </object_component>
      <object_component id="oc-11f">
         <name>.debug_line</name>
         <load_address>0x249</load_address>
         <run_address>0x249</run_address>
         <size>0x9b</size>
         <input_file_ref idref="fl-6"/>
      </object_component>
      <object_component id="oc-132">
         <name>.debug_line</name>
         <load_address>0x2e4</load_address>
         <run_address>0x2e4</run_address>
         <size>0x96</size>
         <input_file_ref idref="fl-6"/>
      </object_component>
      <object_component id="oc-eb">
         <name>.debug_line</name>
         <load_address>0x37a</load_address>
         <run_address>0x37a</run_address>
         <size>0x2a</size>
         <input_file_ref idref="fl-35"/>
      </object_component>
      <object_component id="oc-84">
         <name>.debug_line</name>
         <load_address>0x3a4</load_address>
         <run_address>0x3a4</run_address>
         <size>0x47</size>
         <input_file_ref idref="fl-36"/>
      </object_component>
      <object_component id="oc-e3">
         <name>.debug_line</name>
         <load_address>0x3eb</load_address>
         <run_address>0x3eb</run_address>
         <size>0x3a</size>
         <input_file_ref idref="fl-3d"/>
      </object_component>
      <object_component id="oc-ab">
         <name>.debug_line</name>
         <load_address>0x425</load_address>
         <run_address>0x425</run_address>
         <size>0x3c</size>
         <input_file_ref idref="fl-4c"/>
      </object_component>
      <object_component id="oc-ba">
         <name>.debug_line</name>
         <load_address>0x461</load_address>
         <run_address>0x461</run_address>
         <size>0x3e</size>
         <input_file_ref idref="fl-50"/>
      </object_component>
      <object_component id="oc-db">
         <name>.debug_frame</name>
         <load_address>0x0</load_address>
         <run_address>0x0</run_address>
         <size>0x47</size>
         <input_file_ref idref="fl-2"/>
      </object_component>
      <object_component id="oc-129">
         <name>.debug_frame</name>
         <load_address>0x47</load_address>
         <run_address>0x47</run_address>
         <size>0x47</size>
         <input_file_ref idref="fl-4"/>
      </object_component>
      <object_component id="oc-12f">
         <name>.debug_frame</name>
         <load_address>0x8e</load_address>
         <run_address>0x8e</run_address>
         <size>0x47</size>
         <input_file_ref idref="fl-4"/>
      </object_component>
      <object_component id="oc-123">
         <name>.debug_frame</name>
         <load_address>0xd5</load_address>
         <run_address>0xd5</run_address>
         <size>0x47</size>
         <input_file_ref idref="fl-6"/>
      </object_component>
      <object_component id="oc-135">
         <name>.debug_frame</name>
         <load_address>0x11c</load_address>
         <run_address>0x11c</run_address>
         <size>0x47</size>
         <input_file_ref idref="fl-6"/>
      </object_component>
      <object_component id="oc-85">
         <name>.debug_frame</name>
         <load_address>0x163</load_address>
         <run_address>0x163</run_address>
         <size>0x42</size>
         <input_file_ref idref="fl-36"/>
      </object_component>
      <object_component id="oc-e2">
         <name>.debug_frame</name>
         <load_address>0x1a5</load_address>
         <run_address>0x1a5</run_address>
         <size>0x47</size>
         <input_file_ref idref="fl-3d"/>
      </object_component>
      <object_component id="oc-bb">
         <name>.debug_frame</name>
         <load_address>0x1ec</load_address>
         <run_address>0x1ec</run_address>
         <size>0x47</size>
         <input_file_ref idref="fl-50"/>
      </object_component>
      <object_component id="oc-136">
         <name>.debug_abbrev</name>
         <load_address>0x0</load_address>
         <run_address>0x0</run_address>
         <size>0x52</size>
         <input_file_ref idref="fl-2"/>
      </object_component>
      <object_component id="oc-ee">
         <name>.debug_abbrev</name>
         <load_address>0x52</load_address>
         <run_address>0x52</run_address>
         <size>0x1f</size>
         <input_file_ref idref="fl-2"/>
      </object_component>
      <object_component id="oc-165">
         <name>.debug_abbrev</name>
         <load_address>0x71</load_address>
         <run_address>0x71</run_address>
         <size>0x6a</size>
         <input_file_ref idref="fl-4"/>
      </object_component>
      <object_component id="oc-15c">
         <name>.debug_abbrev</name>
         <load_address>0xdb</load_address>
         <run_address>0xdb</run_address>
         <size>0x6c</size>
         <input_file_ref idref="fl-4"/>
      </object_component>
      <object_component id="oc-15e">
         <name>.debug_abbrev</name>
         <load_address>0x147</load_address>
         <run_address>0x147</run_address>
         <size>0x6c</size>
         <input_file_ref idref="fl-4"/>
      </object_component>
      <object_component id="oc-15b">
         <name>.debug_abbrev</name>
         <load_address>0x1b3</load_address>
         <run_address>0x1b3</run_address>
         <size>0x5e</size>
         <input_file_ref idref="fl-6"/>
      </object_component>
      <object_component id="oc-15f">
         <name>.debug_abbrev</name>
         <load_address>0x211</load_address>
         <run_address>0x211</run_address>
         <size>0x50</size>
         <input_file_ref idref="fl-6"/>
      </object_component>
      <object_component id="oc-ea">
         <name>.debug_abbrev</name>
         <load_address>0x261</load_address>
         <run_address>0x261</run_address>
         <size>0x29</size>
         <input_file_ref idref="fl-35"/>
      </object_component>
      <object_component id="oc-e8">
         <name>.debug_abbrev</name>
         <load_address>0x28a</load_address>
         <run_address>0x28a</run_address>
         <size>0x58</size>
         <input_file_ref idref="fl-36"/>
      </object_component>
      <object_component id="oc-137">
         <name>.debug_abbrev</name>
         <load_address>0x2e2</load_address>
         <run_address>0x2e2</run_address>
         <size>0x45</size>
         <input_file_ref idref="fl-3d"/>
      </object_component>
      <object_component id="oc-107">
         <name>.debug_abbrev</name>
         <load_address>0x327</load_address>
         <run_address>0x327</run_address>
         <size>0x28</size>
         <input_file_ref idref="fl-4c"/>
      </object_component>
      <object_component id="oc-10a">
         <name>.debug_abbrev</name>
         <load_address>0x34f</load_address>
         <run_address>0x34f</run_address>
         <size>0x55</size>
         <input_file_ref idref="fl-50"/>
      </object_component>
      <object_component id="oc-19e">
         <name>.debug_abbrev</name>
         <load_address>0x3a4</load_address>
         <run_address>0x3a4</run_address>
         <size>0xf</size>
      </object_component>
      <object_component id="oc-f0">
         <name>.debug_str</name>
         <load_address>0x0</load_address>
         <run_address>0x0</run_address>
         <size>0xf5</size>
         <input_file_ref idref="fl-2"/>
      </object_component>
      <object_component id="oc-d8">
         <name>.debug_aranges</name>
         <load_address>0x0</load_address>
         <run_address>0x0</run_address>
         <size>0x20</size>
         <input_file_ref idref="fl-2"/>
      </object_component>
      <object_component id="oc-127">
         <name>.debug_aranges</name>
         <load_address>0x20</load_address>
         <run_address>0x20</run_address>
         <size>0x20</size>
         <input_file_ref idref="fl-4"/>
      </object_component>
      <object_component id="oc-12e">
         <name>.debug_aranges</name>
         <load_address>0x40</load_address>
         <run_address>0x40</run_address>
         <size>0x20</size>
         <input_file_ref idref="fl-4"/>
      </object_component>
      <object_component id="oc-121">
         <name>.debug_aranges</name>
         <load_address>0x60</load_address>
         <run_address>0x60</run_address>
         <size>0x20</size>
         <input_file_ref idref="fl-6"/>
      </object_component>
      <object_component id="oc-131">
         <name>.debug_aranges</name>
         <load_address>0x80</load_address>
         <run_address>0x80</run_address>
         <size>0x20</size>
         <input_file_ref idref="fl-6"/>
      </object_component>
      <object_component id="oc-82">
         <name>.debug_aranges</name>
         <load_address>0xa0</load_address>
         <run_address>0xa0</run_address>
         <size>0x20</size>
         <input_file_ref idref="fl-36"/>
      </object_component>
      <object_component id="oc-df">
         <name>.debug_aranges</name>
         <load_address>0xc0</load_address>
         <run_address>0xc0</run_address>
         <size>0x20</size>
         <input_file_ref idref="fl-3d"/>
      </object_component>
      <object_component id="oc-ac">
         <name>.debug_aranges</name>
         <load_address>0xe0</load_address>
         <run_address>0xe0</run_address>
         <size>0x20</size>
         <input_file_ref idref="fl-4c"/>
      </object_component>
      <object_component id="oc-b9">
         <name>.debug_aranges</name>
         <load_address>0x100</load_address>
         <run_address>0x100</run_address>
         <size>0x20</size>
         <input_file_ref idref="fl-50"/>
      </object_component>
      <object_component id="oc-d9">
         <name>.debug_pubnames</name>
         <load_address>0x0</load_address>
         <run_address>0x0</run_address>
         <size>0x1b</size>
         <input_file_ref idref="fl-2"/>
      </object_component>
      <object_component id="oc-126">
         <name>.debug_pubnames</name>
         <load_address>0x1b</load_address>
         <run_address>0x1b</run_address>
         <size>0x20</size>
         <input_file_ref idref="fl-4"/>
      </object_component>
      <object_component id="oc-12d">
         <name>.debug_pubnames</name>
         <load_address>0x3b</load_address>
         <run_address>0x3b</run_address>
         <size>0x21</size>
         <input_file_ref idref="fl-4"/>
      </object_component>
      <object_component id="oc-122">
         <name>.debug_pubnames</name>
         <load_address>0x5c</load_address>
         <run_address>0x5c</run_address>
         <size>0x1f</size>
         <input_file_ref idref="fl-6"/>
      </object_component>
      <object_component id="oc-134">
         <name>.debug_pubnames</name>
         <load_address>0x7b</load_address>
         <run_address>0x7b</run_address>
         <size>0x1f</size>
         <input_file_ref idref="fl-6"/>
      </object_component>
      <object_component id="oc-8e">
         <name>.debug_pubnames</name>
         <load_address>0x9a</load_address>
         <run_address>0x9a</run_address>
         <size>0x1d</size>
         <input_file_ref idref="fl-35"/>
      </object_component>
      <object_component id="oc-83">
         <name>.debug_pubnames</name>
         <load_address>0xb7</load_address>
         <run_address>0xb7</run_address>
         <size>0x34</size>
         <input_file_ref idref="fl-36"/>
      </object_component>
      <object_component id="oc-e1">
         <name>.debug_pubnames</name>
         <load_address>0xeb</load_address>
         <run_address>0xeb</run_address>
         <size>0x1c</size>
         <input_file_ref idref="fl-3d"/>
      </object_component>
      <object_component id="oc-ae">
         <name>.debug_pubnames</name>
         <load_address>0x107</load_address>
         <run_address>0x107</run_address>
         <size>0x2b</size>
         <input_file_ref idref="fl-4c"/>
      </object_component>
      <object_component id="oc-b8">
         <name>.debug_pubnames</name>
         <load_address>0x132</load_address>
         <run_address>0x132</run_address>
         <size>0x27</size>
         <input_file_ref idref="fl-50"/>
      </object_component>
      <object_component id="oc-ed">
         <name>.debug_pubtypes</name>
         <load_address>0x0</load_address>
         <run_address>0x0</run_address>
         <size>0xed</size>
         <input_file_ref idref="fl-2"/>
      </object_component>
   </object_component_list>
   <logical_group_list>
      <logical_group id="lg-2" display="no" color="cyan">
         <name>.bss</name>
         <run_address>0x0</run_address>
         <size>0x0</size>
         <contents>
         </contents>
      </logical_group>
      <logical_group id="lg-4" display="no" color="cyan">
         <name>.TI.noinit</name>
         <run_address>0x0</run_address>
         <size>0x0</size>
         <contents>
         </contents>
      </logical_group>
      <logical_group id="lg-5" display="no" color="cyan">
         <name>.sysmem</name>
         <run_address>0x0</run_address>
         <size>0x0</size>
         <contents>
         </contents>
      </logical_group>
      <logical_group id="lg-6" display="no" color="cyan">
         <name>.stack</name>
         <run_address>0x3b0</run_address>
         <size>0x50</size>
         <contents>
            <object_component_ref idref="oc-8c"/>
            <object_component_ref idref="oc-19c"/>
         </contents>
      </logical_group>
      <logical_group id="lg-7" display="no" color="cyan">
         <name>.text</name>
         <load_address>0xc000</load_address>
         <run_address>0xc000</run_address>
         <size>0xd0</size>
         <contents>
            <object_component_ref idref="oc-d6"/>
            <object_component_ref idref="oc-124"/>
            <object_component_ref idref="oc-11e"/>
            <object_component_ref idref="oc-80"/>
            <object_component_ref idref="oc-12a"/>
            <object_component_ref idref="oc-130"/>
            <object_component_ref idref="oc-aa"/>
            <object_component_ref idref="oc-b6"/>
            <object_component_ref idref="oc-de"/>
         </contents>
      </logical_group>
      <logical_group id="lg-8" display="no" color="cyan">
         <name>.cinit</name>
         <run_address>0x0</run_address>
         <size>0x0</size>
         <contents>
         </contents>
      </logical_group>
      <logical_group id="lg-9" display="no" color="cyan">
         <name>.const</name>
         <run_address>0x0</run_address>
         <size>0x0</size>
         <contents>
         </contents>
      </logical_group>
      <logical_group id="lg-a" display="no" color="cyan">
         <name>.cio</name>
         <run_address>0x0</run_address>
         <size>0x0</size>
         <contents>
         </contents>
      </logical_group>
      <logical_group id="lg-b" display="no" color="cyan">
         <name>.pinit</name>
         <run_address>0x0</run_address>
         <size>0x0</size>
         <contents>
         </contents>
      </logical_group>
      <logical_group id="lg-c" display="no" color="cyan">
         <name>.init_array</name>
         <run_address>0x0</run_address>
         <size>0x0</size>
         <contents>
         </contents>
      </logical_group>
      <logical_group id="lg-d" display="no" color="cyan">
         <name>.mspabi.exidx</name>
         <run_address>0x0</run_address>
         <size>0x0</size>
         <contents>
         </contents>
      </logical_group>
      <logical_group id="lg-e" display="no" color="cyan">
         <name>.mspabi.extab</name>
         <run_address>0x0</run_address>
         <size>0x0</size>
         <contents>
         </contents>
      </logical_group>
      <logical_group id="lg-f" display="no" color="cyan">
         <name>.infoA</name>
         <run_address>0x0</run_address>
         <size>0x0</size>
         <contents>
         </contents>
      </logical_group>
      <logical_group id="lg-10" display="no" color="cyan">
         <name>.infoB</name>
         <run_address>0x0</run_address>
         <size>0x0</size>
         <contents>
         </contents>
      </logical_group>
      <logical_group id="lg-11" display="no" color="cyan">
         <name>.infoC</name>
         <run_address>0x0</run_address>
         <size>0x0</size>
         <contents>
         </contents>
      </logical_group>
      <logical_group id="lg-12" display="no" color="cyan">
         <name>.infoD</name>
         <run_address>0x0</run_address>
         <size>0x0</size>
         <contents>
         </contents>
      </logical_group>
      <logical_group id="lg-13" display="no" color="cyan">
         <name>TRAPINT</name>
         <load_address>0xffe0</load_address>
         <run_address>0xffe0</run_address>
         <size>0x2</size>
         <contents>
            <object_component_ref idref="oc-3d"/>
         </contents>
      </logical_group>
      <logical_group id="lg-15" display="no" color="cyan">
         <name>.int01</name>
         <run_address>0x0</run_address>
         <size>0x0</size>
         <contents>
         </contents>
      </logical_group>
      <logical_group id="lg-16" display="no" color="cyan">
         <name>PORT1</name>
         <load_address>0xffe4</load_address>
         <run_address>0xffe4</run_address>
         <size>0x2</size>
         <contents>
            <object_component_ref idref="oc-3e"/>
         </contents>
      </logical_group>
      <logical_group id="lg-18" display="no" color="cyan">
         <name>PORT2</name>
         <load_address>0xffe6</load_address>
         <run_address>0xffe6</run_address>
         <size>0x2</size>
         <contents>
            <object_component_ref idref="oc-3f"/>
         </contents>
      </logical_group>
      <logical_group id="lg-1a" display="no" color="cyan">
         <name>.int04</name>
         <run_address>0x0</run_address>
         <size>0x0</size>
         <contents>
         </contents>
      </logical_group>
      <logical_group id="lg-1b" display="no" color="cyan">
         <name>ADC10</name>
         <load_address>0xffea</load_address>
         <run_address>0xffea</run_address>
         <size>0x2</size>
         <contents>
            <object_component_ref idref="oc-40"/>
         </contents>
      </logical_group>
      <logical_group id="lg-1d" display="no" color="cyan">
         <name>USCIAB0TX</name>
         <load_address>0xffec</load_address>
         <run_address>0xffec</run_address>
         <size>0x2</size>
         <contents>
            <object_component_ref idref="oc-41"/>
         </contents>
      </logical_group>
      <logical_group id="lg-1f" display="no" color="cyan">
         <name>USCIAB0RX</name>
         <load_address>0xffee</load_address>
         <run_address>0xffee</run_address>
         <size>0x2</size>
         <contents>
            <object_component_ref idref="oc-42"/>
         </contents>
      </logical_group>
      <logical_group id="lg-21" display="no" color="cyan">
         <name>TIMER0_A1</name>
         <load_address>0xfff0</load_address>
         <run_address>0xfff0</run_address>
         <size>0x2</size>
         <contents>
            <object_component_ref idref="oc-43"/>
         </contents>
      </logical_group>
      <logical_group id="lg-23" display="no" color="cyan">
         <name>TIMER0_A0</name>
         <load_address>0xfff2</load_address>
         <run_address>0xfff2</run_address>
         <size>0x2</size>
         <contents>
            <object_component_ref idref="oc-44"/>
         </contents>
      </logical_group>
      <logical_group id="lg-25" display="no" color="cyan">
         <name>WDT</name>
         <load_address>0xfff4</load_address>
         <run_address>0xfff4</run_address>
         <size>0x2</size>
         <contents>
            <object_component_ref idref="oc-45"/>
         </contents>
      </logical_group>
      <logical_group id="lg-27" display="no" color="cyan">
         <name>COMPARATORA</name>
         <load_address>0xfff6</load_address>
         <run_address>0xfff6</run_address>
         <size>0x2</size>
         <contents>
            <object_component_ref idref="oc-46"/>
         </contents>
      </logical_group>
      <logical_group id="lg-29" display="no" color="cyan">
         <name>TIMER1_A1</name>
         <load_address>0xfff8</load_address>
         <run_address>0xfff8</run_address>
         <size>0x2</size>
         <contents>
            <object_component_ref idref="oc-47"/>
         </contents>
      </logical_group>
      <logical_group id="lg-2b" display="no" color="cyan">
         <name>TIMER1_A0</name>
         <load_address>0xfffa</load_address>
         <run_address>0xfffa</run_address>
         <size>0x2</size>
         <contents>
            <object_component_ref idref="oc-48"/>
         </contents>
      </logical_group>
      <logical_group id="lg-2d" display="no" color="cyan">
         <name>NMI</name>
         <load_address>0xfffc</load_address>
         <run_address>0xfffc</run_address>
         <size>0x2</size>
         <contents>
            <object_component_ref idref="oc-49"/>
         </contents>
      </logical_group>
      <logical_group id="lg-2f" display="no" color="cyan">
         <name>.reset</name>
         <load_address>0xfffe</load_address>
         <run_address>0xfffe</run_address>
         <size>0x2</size>
         <contents>
            <object_component_ref idref="oc-8f"/>
         </contents>
      </logical_group>
      <logical_group id="lg-168" display="no" color="cyan">
         <name>.TI.persistent</name>
         <run_address>0x0</run_address>
         <size>0x0</size>
         <contents>
         </contents>
      </logical_group>
      <logical_group id="lg-3" display="no" color="cyan">
         <name>.data</name>
         <run_address>0x0</run_address>
         <size>0x0</size>
         <contents>
         </contents>
      </logical_group>
      <logical_group id="lg-167" display="no" color="cyan">
         <name>DATA_GROUP</name>
         <run_address>0x0</run_address>
         <size>0x0</size>
         <contents>
            <logical_group_ref idref="lg-168"/>
            <logical_group_ref idref="lg-3"/>
         </contents>
      </logical_group>
      <logical_group id="lg-18b" display="never" color="cyan">
         <name>.debug_info</name>
         <load_address>0x0</load_address>
         <run_address>0x0</run_address>
         <size>0x15c1</size>
         <contents>
            <object_component_ref idref="oc-d7"/>
            <object_component_ref idref="oc-ec"/>
            <object_component_ref idref="oc-15d"/>
            <object_component_ref idref="oc-125"/>
            <object_component_ref idref="oc-12c"/>
            <object_component_ref idref="oc-120"/>
            <object_component_ref idref="oc-133"/>
            <object_component_ref idref="oc-8d"/>
            <object_component_ref idref="oc-81"/>
            <object_component_ref idref="oc-e0"/>
            <object_component_ref idref="oc-ad"/>
            <object_component_ref idref="oc-b7"/>
            <object_component_ref idref="oc-19d"/>
         </contents>
      </logical_group>
      <logical_group id="lg-18d" display="never" color="cyan">
         <name>.debug_line</name>
         <load_address>0x0</load_address>
         <run_address>0x0</run_address>
         <size>0x49f</size>
         <contents>
            <object_component_ref idref="oc-da"/>
            <object_component_ref idref="oc-ef"/>
            <object_component_ref idref="oc-166"/>
            <object_component_ref idref="oc-128"/>
            <object_component_ref idref="oc-12b"/>
            <object_component_ref idref="oc-11f"/>
            <object_component_ref idref="oc-132"/>
            <object_component_ref idref="oc-eb"/>
            <object_component_ref idref="oc-84"/>
            <object_component_ref idref="oc-e3"/>
            <object_component_ref idref="oc-ab"/>
            <object_component_ref idref="oc-ba"/>
         </contents>
      </logical_group>
      <logical_group id="lg-18f" display="never" color="cyan">
         <name>.debug_frame</name>
         <load_address>0x0</load_address>
         <run_address>0x0</run_address>
         <size>0x233</size>
         <contents>
            <object_component_ref idref="oc-db"/>
            <object_component_ref idref="oc-129"/>
            <object_component_ref idref="oc-12f"/>
            <object_component_ref idref="oc-123"/>
            <object_component_ref idref="oc-135"/>
            <object_component_ref idref="oc-85"/>
            <object_component_ref idref="oc-e2"/>
            <object_component_ref idref="oc-bb"/>
         </contents>
      </logical_group>
      <logical_group id="lg-191" display="never" color="cyan">
         <name>.debug_abbrev</name>
         <load_address>0x0</load_address>
         <run_address>0x0</run_address>
         <size>0x3b3</size>
         <contents>
            <object_component_ref idref="oc-136"/>
            <object_component_ref idref="oc-ee"/>
            <object_component_ref idref="oc-165"/>
            <object_component_ref idref="oc-15c"/>
            <object_component_ref idref="oc-15e"/>
            <object_component_ref idref="oc-15b"/>
            <object_component_ref idref="oc-15f"/>
            <object_component_ref idref="oc-ea"/>
            <object_component_ref idref="oc-e8"/>
            <object_component_ref idref="oc-137"/>
            <object_component_ref idref="oc-107"/>
            <object_component_ref idref="oc-10a"/>
            <object_component_ref idref="oc-19e"/>
         </contents>
      </logical_group>
      <logical_group id="lg-193" display="never" color="cyan">
         <name>.debug_str</name>
         <load_address>0x0</load_address>
         <run_address>0x0</run_address>
         <size>0xf5</size>
         <contents>
            <object_component_ref idref="oc-f0"/>
         </contents>
      </logical_group>
      <logical_group id="lg-195" display="never" color="cyan">
         <name>.debug_aranges</name>
         <load_address>0x0</load_address>
         <run_address>0x0</run_address>
         <size>0x120</size>
         <contents>
            <object_component_ref idref="oc-d8"/>
            <object_component_ref idref="oc-127"/>
            <object_component_ref idref="oc-12e"/>
            <object_component_ref idref="oc-121"/>
            <object_component_ref idref="oc-131"/>
            <object_component_ref idref="oc-82"/>
            <object_component_ref idref="oc-df"/>
            <object_component_ref idref="oc-ac"/>
            <object_component_ref idref="oc-b9"/>
         </contents>
      </logical_group>
      <logical_group id="lg-197" display="never" color="cyan">
         <name>.debug_pubnames</name>
         <load_address>0x0</load_address>
         <run_address>0x0</run_address>
         <size>0x159</size>
         <contents>
            <object_component_ref idref="oc-d9"/>
            <object_component_ref idref="oc-126"/>
            <object_component_ref idref="oc-12d"/>
            <object_component_ref idref="oc-122"/>
            <object_component_ref idref="oc-134"/>
            <object_component_ref idref="oc-8e"/>
            <object_component_ref idref="oc-83"/>
            <object_component_ref idref="oc-e1"/>
            <object_component_ref idref="oc-ae"/>
            <object_component_ref idref="oc-b8"/>
         </contents>
      </logical_group>
      <logical_group id="lg-199" display="never" color="cyan">
         <name>.debug_pubtypes</name>
         <load_address>0x0</load_address>
         <run_address>0x0</run_address>
         <size>0xed</size>
         <contents>
            <object_component_ref idref="oc-ed"/>
         </contents>
      </logical_group>
      <load_segment id="lg-19f" display="no" color="cyan">
         <name>SEGMENT_0</name>
         <run_address>0x3b0</run_address>
         <size>0x50</size>
         <flags>0x6</flags>
         <contents>
            <logical_group_ref idref="lg-6"/>
         </contents>
      </load_segment>
      <load_segment id="lg-1a0" display="no" color="cyan">
         <name>SEGMENT_1</name>
         <load_address>0xc000</load_address>
         <run_address>0xc000</run_address>
         <size>0xd0</size>
         <flags>0x5</flags>
         <contents>
            <logical_group_ref idref="lg-7"/>
         </contents>
      </load_segment>
      <load_segment id="lg-1a1" display="no" color="cyan">
         <name>SEGMENT_2</name>
         <load_address>0xffe0</load_address>
         <run_address>0xffe0</run_address>
         <size>0x2</size>
         <flags>0x4</flags>
         <contents>
            <logical_group_ref idref="lg-13"/>
         </contents>
      </load_segment>
      <load_segment id="lg-1a2" display="no" color="cyan">
         <name>SEGMENT_3</name>
         <load_address>0xffe4</load_address>
         <run_address>0xffe4</run_address>
         <size>0x4</size>
         <flags>0x4</flags>
         <contents>
            <logical_group_ref idref="lg-16"/>
            <logical_group_ref idref="lg-18"/>
         </contents>
      </load_segment>
      <load_segment id="lg-1a3" display="no" color="cyan">
         <name>SEGMENT_4</name>
         <load_address>0xffea</load_address>
         <run_address>0xffea</run_address>
         <size>0x16</size>
         <flags>0x4</flags>
         <contents>
            <logical_group_ref idref="lg-1b"/>
            <logical_group_ref idref="lg-1d"/>
            <logical_group_ref idref="lg-1f"/>
            <logical_group_ref idref="lg-21"/>
            <logical_group_ref idref="lg-23"/>
            <logical_group_ref idref="lg-25"/>
            <logical_group_ref idref="lg-27"/>
            <logical_group_ref idref="lg-29"/>
            <logical_group_ref idref="lg-2b"/>
            <logical_group_ref idref="lg-2d"/>
            <logical_group_ref idref="lg-2f"/>
         </contents>
      </load_segment>
   </logical_group_list>
   <placement_map>
      <memory_area display="no" color="green">
         <name>SFR</name>
         <page_id>0x0</page_id>
         <origin>0x0</origin>
         <length>0x10</length>
         <used_space>0x0</used_space>
         <unused_space>0x10</unused_space>
         <attributes>RWIX</attributes>
         <usage_details>
         </usage_details>
      </memory_area>
      <memory_area display="yes" color="green">
         <name>PERIPHERALS_8BIT</name>
         <page_id>0x0</page_id>
         <origin>0x10</origin>
         <length>0xf0</length>
         <used_space>0x0</used_space>
         <unused_space>0xf0</unused_space>
         <attributes>RWIX</attributes>
         <usage_details>
         </usage_details>
      </memory_area>
      <memory_area display="yes" color="green">
         <name>PERIPHERALS_16BIT</name>
         <page_id>0x0</page_id>
         <origin>0x100</origin>
         <length>0x100</length>
         <used_space>0x0</used_space>
         <unused_space>0x100</unused_space>
         <attributes>RWIX</attributes>
         <usage_details>
         </usage_details>
      </memory_area>
      <memory_area display="yes" color="green">
         <name>RAM</name>
         <page_id>0x0</page_id>
         <origin>0x200</origin>
         <length>0x200</length>
         <used_space>0x50</used_space>
         <unused_space>0x1b0</unused_space>
         <attributes>RWIX</attributes>
         <usage_details>
            <available_space>
               <start_address>0x200</start_address>
               <size>0x1b0</size>
            </available_space>
            <allocated_space>
               <start_address>0x3b0</start_address>
               <size>0x50</size>
               <logical_group_ref idref="lg-6"/>
            </allocated_space>
         </usage_details>
      </memory_area>
      <memory_area display="no" color="green">
         <name>INFOD</name>
         <page_id>0x0</page_id>
         <origin>0x1000</origin>
         <length>0x40</length>
         <used_space>0x0</used_space>
         <unused_space>0x40</unused_space>
         <attributes>RWIX</attributes>
         <usage_details>
         </usage_details>
      </memory_area>
      <memory_area display="no" color="green">
         <name>INFOC</name>
         <page_id>0x0</page_id>
         <origin>0x1040</origin>
         <length>0x40</length>
         <used_space>0x0</used_space>
         <unused_space>0x40</unused_space>
         <attributes>RWIX</attributes>
         <usage_details>
         </usage_details>
      </memory_area>
      <memory_area display="no" color="green">
         <name>INFOB</name>
         <page_id>0x0</page_id>
         <origin>0x1080</origin>
         <length>0x40</length>
         <used_space>0x0</used_space>
         <unused_space>0x40</unused_space>
         <attributes>RWIX</attributes>
         <usage_details>
         </usage_details>
      </memory_area>
      <memory_area display="no" color="green">
         <name>INFOA</name>
         <page_id>0x0</page_id>
         <origin>0x10c0</origin>
         <length>0x40</length>
         <used_space>0x0</used_space>
         <unused_space>0x40</unused_space>
         <attributes>RWIX</attributes>
         <usage_details>
         </usage_details>
      </memory_area>
      <memory_area display="yes" color="green">
         <name>FLASH</name>
         <page_id>0x0</page_id>
         <origin>0xc000</origin>
         <length>0x3fe0</length>
         <used_space>0xd0</used_space>
         <unused_space>0x3f10</unused_space>
         <attributes>RWIX</attributes>
         <usage_details>
            <allocated_space>
               <start_address>0xc000</start_address>
               <size>0xd0</size>
               <logical_group_ref idref="lg-7"/>
            </allocated_space>
            <available_space>
               <start_address>0xc0d0</start_address>
               <size>0x3f10</size>
            </available_space>
         </usage_details>
      </memory_area>
      <memory_area display="no" color="green">
         <name>INT00</name>
         <page_id>0x0</page_id>
         <origin>0xffe0</origin>
         <length>0x2</length>
         <used_space>0x2</used_space>
         <unused_space>0x0</unused_space>
         <attributes>RWIX</attributes>
         <usage_details>
            <allocated_space>
               <start_address>0xffe0</start_address>
               <size>0x2</size>
               <logical_group_ref idref="lg-13"/>
            </allocated_space>
         </usage_details>
      </memory_area>
      <memory_area display="no" color="green">
         <name>INT01</name>
         <page_id>0x0</page_id>
         <origin>0xffe2</origin>
         <length>0x2</length>
         <used_space>0x0</used_space>
         <unused_space>0x2</unused_space>
         <attributes>RWIX</attributes>
         <usage_details>
         </usage_details>
      </memory_area>
      <memory_area display="no" color="green">
         <name>INT02</name>
         <page_id>0x0</page_id>
         <origin>0xffe4</origin>
         <length>0x2</length>
         <used_space>0x2</used_space>
         <unused_space>0x0</unused_space>
         <attributes>RWIX</attributes>
         <usage_details>
            <allocated_space>
               <start_address>0xffe4</start_address>
               <size>0x2</size>
               <logical_group_ref idref="lg-16"/>
            </allocated_space>
         </usage_details>
      </memory_area>
      <memory_area display="no" color="green">
         <name>INT03</name>
         <page_id>0x0</page_id>
         <origin>0xffe6</origin>
         <length>0x2</length>
         <used_space>0x2</used_space>
         <unused_space>0x0</unused_space>
         <attributes>RWIX</attributes>
         <usage_details>
            <allocated_space>
               <start_address>0xffe6</start_address>
               <size>0x2</size>
               <logical_group_ref idref="lg-18"/>
            </allocated_space>
         </usage_details>
      </memory_area>
      <memory_area display="no" color="green">
         <name>INT04</name>
         <page_id>0x0</page_id>
         <origin>0xffe8</origin>
         <length>0x2</length>
         <used_space>0x0</used_space>
         <unused_space>0x2</unused_space>
         <attributes>RWIX</attributes>
         <usage_details>
         </usage_details>
      </memory_area>
      <memory_area display="no" color="green">
         <name>INT05</name>
         <page_id>0x0</page_id>
         <origin>0xffea</origin>
         <length>0x2</length>
         <used_space>0x2</used_space>
         <unused_space>0x0</unused_space>
         <attributes>RWIX</attributes>
         <usage_details>
            <allocated_space>
               <start_address>0xffea</start_address>
               <size>0x2</size>
               <logical_group_ref idref="lg-1b"/>
            </allocated_space>
         </usage_details>
      </memory_area>
      <memory_area display="no" color="green">
         <name>INT06</name>
         <page_id>0x0</page_id>
         <origin>0xffec</origin>
         <length>0x2</length>
         <used_space>0x2</used_space>
         <unused_space>0x0</unused_space>
         <attributes>RWIX</attributes>
         <usage_details>
            <allocated_space>
               <start_address>0xffec</start_address>
               <size>0x2</size>
               <logical_group_ref idref="lg-1d"/>
            </allocated_space>
         </usage_details>
      </memory_area>
      <memory_area display="no" color="green">
         <name>INT07</name>
         <page_id>0x0</page_id>
         <origin>0xffee</origin>
         <length>0x2</length>
         <used_space>0x2</used_space>
         <unused_space>0x0</unused_space>
         <attributes>RWIX</attributes>
         <usage_details>
            <allocated_space>
               <start_address>0xffee</start_address>
               <size>0x2</size>
               <logical_group_ref idref="lg-1f"/>
            </allocated_space>
         </usage_details>
      </memory_area>
      <memory_area display="no" color="green">
         <name>INT08</name>
         <page_id>0x0</page_id>
         <origin>0xfff0</origin>
         <length>0x2</length>
         <used_space>0x2</used_space>
         <unused_space>0x0</unused_space>
         <attributes>RWIX</attributes>
         <usage_details>
            <allocated_space>
               <start_address>0xfff0</start_address>
               <size>0x2</size>
               <logical_group_ref idref="lg-21"/>
            </allocated_space>
         </usage_details>
      </memory_area>
      <memory_area display="no" color="green">
         <name>INT09</name>
         <page_id>0x0</page_id>
         <origin>0xfff2</origin>
         <length>0x2</length>
         <used_space>0x2</used_space>
         <unused_space>0x0</unused_space>
         <attributes>RWIX</attributes>
         <usage_details>
            <allocated_space>
               <start_address>0xfff2</start_address>
               <size>0x2</size>
               <logical_group_ref idref="lg-23"/>
            </allocated_space>
         </usage_details>
      </memory_area>
      <memory_area display="no" color="green">
         <name>INT10</name>
         <page_id>0x0</page_id>
         <origin>0xfff4</origin>
         <length>0x2</length>
         <used_space>0x2</used_space>
         <unused_space>0x0</unused_space>
         <attributes>RWIX</attributes>
         <usage_details>
            <allocated_space>
               <start_address>0xfff4</start_address>
               <size>0x2</size>
               <logical_group_ref idref="lg-25"/>
            </allocated_space>
         </usage_details>
      </memory_area>
      <memory_area display="no" color="green">
         <name>INT11</name>
         <page_id>0x0</page_id>
         <origin>0xfff6</origin>
         <length>0x2</length>
         <used_space>0x2</used_space>
         <unused_space>0x0</unused_space>
         <attributes>RWIX</attributes>
         <usage_details>
            <allocated_space>
               <start_address>0xfff6</start_address>
               <size>0x2</size>
               <logical_group_ref idref="lg-27"/>
            </allocated_space>
         </usage_details>
      </memory_area>
      <memory_area display="no" color="green">
         <name>INT12</name>
         <page_id>0x0</page_id>
         <origin>0xfff8</origin>
         <length>0x2</length>
         <used_space>0x2</used_space>
         <unused_space>0x0</unused_space>
         <attributes>RWIX</attributes>
         <usage_details>
            <allocated_space>
               <start_address>0xfff8</start_address>
               <size>0x2</size>
               <logical_group_ref idref="lg-29"/>
            </allocated_space>
         </usage_details>
      </memory_area>
      <memory_area display="no" color="green">
         <name>INT13</name>
         <page_id>0x0</page_id>
         <origin>0xfffa</origin>
         <length>0x2</length>
         <used_space>0x2</used_space>
         <unused_space>0x0</unused_space>
         <attributes>RWIX</attributes>
         <usage_details>
            <allocated_space>
               <start_address>0xfffa</start_address>
               <size>0x2</size>
               <logical_group_ref idref="lg-2b"/>
            </allocated_space>
         </usage_details>
      </memory_area>
      <memory_area display="no" color="green">
         <name>INT14</name>
         <page_id>0x0</page_id>
         <origin>0xfffc</origin>
         <length>0x2</length>
         <used_space>0x2</used_space>
         <unused_space>0x0</unused_space>
         <attributes>RWIX</attributes>
         <usage_details>
            <allocated_space>
               <start_address>0xfffc</start_address>
               <size>0x2</size>
               <logical_group_ref idref="lg-2d"/>
            </allocated_space>
         </usage_details>
      </memory_area>
      <memory_area display="no" color="green">
         <name>RESET</name>
         <page_id>0x0</page_id>
         <origin>0xfffe</origin>
         <length>0x2</length>
         <used_space>0x2</used_space>
         <unused_space>0x0</unused_space>
         <attributes>RWIX</attributes>
         <usage_details>
            <allocated_space>
               <start_address>0xfffe</start_address>
               <size>0x2</size>
               <logical_group_ref idref="lg-2f"/>
            </allocated_space>
         </usage_details>
      </memory_area>
   </placement_map>
   <symbol_table>
      <symbol id="sm-1">
         <name>IE1</name>
         <value>0x0</value>
      </symbol>
      <symbol id="sm-2">
         <name>IFG1</name>
         <value>0x2</value>
      </symbol>
      <symbol id="sm-3">
         <name>IE2</name>
         <value>0x1</value>
      </symbol>
      <symbol id="sm-4">
         <name>IFG2</name>
         <value>0x3</value>
      </symbol>
      <symbol id="sm-5">
         <name>ADC10DTC0</name>
         <value>0x48</value>
      </symbol>
      <symbol id="sm-6">
         <name>ADC10DTC1</name>
         <value>0x49</value>
      </symbol>
      <symbol id="sm-7">
         <name>ADC10AE0</name>
         <value>0x4a</value>
      </symbol>
      <symbol id="sm-8">
         <name>ADC10CTL0</name>
         <value>0x1b0</value>
      </symbol>
      <symbol id="sm-9">
         <name>ADC10CTL1</name>
         <value>0x1b2</value>
      </symbol>
      <symbol id="sm-a">
         <name>ADC10MEM</name>
         <value>0x1b4</value>
      </symbol>
      <symbol id="sm-b">
         <name>ADC10SA</name>
         <value>0x1bc</value>
      </symbol>
      <symbol id="sm-c">
         <name>DCOCTL</name>
         <value>0x56</value>
      </symbol>
      <symbol id="sm-d">
         <name>BCSCTL1</name>
         <value>0x57</value>
      </symbol>
      <symbol id="sm-e">
         <name>BCSCTL2</name>
         <value>0x58</value>
      </symbol>
      <symbol id="sm-f">
         <name>BCSCTL3</name>
         <value>0x53</value>
      </symbol>
      <symbol id="sm-10">
         <name>CACTL1</name>
         <value>0x59</value>
      </symbol>
      <symbol id="sm-11">
         <name>CACTL2</name>
         <value>0x5a</value>
      </symbol>
      <symbol id="sm-12">
         <name>CAPD</name>
         <value>0x5b</value>
      </symbol>
      <symbol id="sm-13">
         <name>FCTL1</name>
         <value>0x128</value>
      </symbol>
      <symbol id="sm-14">
         <name>FCTL2</name>
         <value>0x12a</value>
      </symbol>
      <symbol id="sm-15">
         <name>FCTL3</name>
         <value>0x12c</value>
      </symbol>
      <symbol id="sm-16">
         <name>P1IN</name>
         <value>0x20</value>
      </symbol>
      <symbol id="sm-17">
         <name>P1OUT</name>
         <value>0x21</value>
      </symbol>
      <symbol id="sm-18">
         <name>P1DIR</name>
         <value>0x22</value>
      </symbol>
      <symbol id="sm-19">
         <name>P1IFG</name>
         <value>0x23</value>
      </symbol>
      <symbol id="sm-1a">
         <name>P1IES</name>
         <value>0x24</value>
      </symbol>
      <symbol id="sm-1b">
         <name>P1IE</name>
         <value>0x25</value>
      </symbol>
      <symbol id="sm-1c">
         <name>P1SEL</name>
         <value>0x26</value>
      </symbol>
      <symbol id="sm-1d">
         <name>P1SEL2</name>
         <value>0x41</value>
      </symbol>
      <symbol id="sm-1e">
         <name>P1REN</name>
         <value>0x27</value>
      </symbol>
      <symbol id="sm-1f">
         <name>P2IN</name>
         <value>0x28</value>
      </symbol>
      <symbol id="sm-20">
         <name>P2OUT</name>
         <value>0x29</value>
      </symbol>
      <symbol id="sm-21">
         <name>P2DIR</name>
         <value>0x2a</value>
      </symbol>
      <symbol id="sm-22">
         <name>P2IFG</name>
         <value>0x2b</value>
      </symbol>
      <symbol id="sm-23">
         <name>P2IES</name>
         <value>0x2c</value>
      </symbol>
      <symbol id="sm-24">
         <name>P2IE</name>
         <value>0x2d</value>
      </symbol>
      <symbol id="sm-25">
         <name>P2SEL</name>
         <value>0x2e</value>
      </symbol>
      <symbol id="sm-26">
         <name>P2SEL2</name>
         <value>0x42</value>
      </symbol>
      <symbol id="sm-27">
         <name>P2REN</name>
         <value>0x2f</value>
      </symbol>
      <symbol id="sm-28">
         <name>P3IN</name>
         <value>0x18</value>
      </symbol>
      <symbol id="sm-29">
         <name>P3OUT</name>
         <value>0x19</value>
      </symbol>
      <symbol id="sm-2a">
         <name>P3DIR</name>
         <value>0x1a</value>
      </symbol>
      <symbol id="sm-2b">
         <name>P3SEL</name>
         <value>0x1b</value>
      </symbol>
      <symbol id="sm-2c">
         <name>P3SEL2</name>
         <value>0x43</value>
      </symbol>
      <symbol id="sm-2d">
         <name>P3REN</name>
         <value>0x10</value>
      </symbol>
      <symbol id="sm-2e">
         <name>TA0IV</name>
         <value>0x12e</value>
      </symbol>
      <symbol id="sm-2f">
         <name>TA0CTL</name>
         <value>0x160</value>
      </symbol>
      <symbol id="sm-30">
         <name>TA0CCTL0</name>
         <value>0x162</value>
      </symbol>
      <symbol id="sm-31">
         <name>TA0CCTL1</name>
         <value>0x164</value>
      </symbol>
      <symbol id="sm-32">
         <name>TA0CCTL2</name>
         <value>0x166</value>
      </symbol>
      <symbol id="sm-33">
         <name>TA0R</name>
         <value>0x170</value>
      </symbol>
      <symbol id="sm-34">
         <name>TA0CCR0</name>
         <value>0x172</value>
      </symbol>
      <symbol id="sm-35">
         <name>TA0CCR1</name>
         <value>0x174</value>
      </symbol>
      <symbol id="sm-36">
         <name>TA0CCR2</name>
         <value>0x176</value>
      </symbol>
      <symbol id="sm-37">
         <name>TA1IV</name>
         <value>0x11e</value>
      </symbol>
      <symbol id="sm-38">
         <name>TA1CTL</name>
         <value>0x180</value>
      </symbol>
      <symbol id="sm-39">
         <name>TA1CCTL0</name>
         <value>0x182</value>
      </symbol>
      <symbol id="sm-3a">
         <name>TA1CCTL1</name>
         <value>0x184</value>
      </symbol>
      <symbol id="sm-3b">
         <name>TA1CCTL2</name>
         <value>0x186</value>
      </symbol>
      <symbol id="sm-3c">
         <name>TA1R</name>
         <value>0x190</value>
      </symbol>
      <symbol id="sm-3d">
         <name>TA1CCR0</name>
         <value>0x192</value>
      </symbol>
      <symbol id="sm-3e">
         <name>TA1CCR1</name>
         <value>0x194</value>
      </symbol>
      <symbol id="sm-3f">
         <name>TA1CCR2</name>
         <value>0x196</value>
      </symbol>
      <symbol id="sm-40">
         <name>UCA0CTL0</name>
         <value>0x60</value>
      </symbol>
      <symbol id="sm-41">
         <name>UCA0CTL1</name>
         <value>0x61</value>
      </symbol>
      <symbol id="sm-42">
         <name>UCA0BR0</name>
         <value>0x62</value>
      </symbol>
      <symbol id="sm-43">
         <name>UCA0BR1</name>
         <value>0x63</value>
      </symbol>
      <symbol id="sm-44">
         <name>UCA0MCTL</name>
         <value>0x64</value>
      </symbol>
      <symbol id="sm-45">
         <name>UCA0STAT</name>
         <value>0x65</value>
      </symbol>
      <symbol id="sm-46">
         <name>UCA0RXBUF</name>
         <value>0x66</value>
      </symbol>
      <symbol id="sm-47">
         <name>UCA0TXBUF</name>
         <value>0x67</value>
      </symbol>
      <symbol id="sm-48">
         <name>UCA0ABCTL</name>
         <value>0x5d</value>
      </symbol>
      <symbol id="sm-49">
         <name>UCA0IRTCTL</name>
         <value>0x5e</value>
      </symbol>
      <symbol id="sm-4a">
         <name>UCA0IRRCTL</name>
         <value>0x5f</value>
      </symbol>
      <symbol id="sm-4b">
         <name>UCB0CTL0</name>
         <value>0x68</value>
      </symbol>
      <symbol id="sm-4c">
         <name>UCB0CTL1</name>
         <value>0x69</value>
      </symbol>
      <symbol id="sm-4d">
         <name>UCB0BR0</name>
         <value>0x6a</value>
      </symbol>
      <symbol id="sm-4e">
         <name>UCB0BR1</name>
         <value>0x6b</value>
      </symbol>
      <symbol id="sm-4f">
         <name>UCB0I2CIE</name>
         <value>0x6c</value>
      </symbol>
      <symbol id="sm-50">
         <name>UCB0STAT</name>
         <value>0x6d</value>
      </symbol>
      <symbol id="sm-51">
         <name>UCB0RXBUF</name>
         <value>0x6e</value>
      </symbol>
      <symbol id="sm-52">
         <name>UCB0TXBUF</name>
         <value>0x6f</value>
      </symbol>
      <symbol id="sm-53">
         <name>UCB0I2COA</name>
         <value>0x118</value>
      </symbol>
      <symbol id="sm-54">
         <name>UCB0I2CSA</name>
         <value>0x11a</value>
      </symbol>
      <symbol id="sm-55">
         <name>WDTCTL</name>
         <value>0x120</value>
      </symbol>
      <symbol id="sm-56">
         <name>CALDCO_16MHZ</name>
         <value>0x10f8</value>
      </symbol>
      <symbol id="sm-57">
         <name>CALBC1_16MHZ</name>
         <value>0x10f9</value>
      </symbol>
      <symbol id="sm-58">
         <name>CALDCO_12MHZ</name>
         <value>0x10fa</value>
      </symbol>
      <symbol id="sm-59">
         <name>CALBC1_12MHZ</name>
         <value>0x10fb</value>
      </symbol>
      <symbol id="sm-5a">
         <name>CALDCO_8MHZ</name>
         <value>0x10fc</value>
      </symbol>
      <symbol id="sm-5b">
         <name>CALBC1_8MHZ</name>
         <value>0x10fd</value>
      </symbol>
      <symbol id="sm-5c">
         <name>CALDCO_1MHZ</name>
         <value>0x10fe</value>
      </symbol>
      <symbol id="sm-5d">
         <name>CALBC1_1MHZ</name>
         <value>0x10ff</value>
      </symbol>
      <symbol id="sm-5e">
         <name>TLV_CHECKSUM</name>
         <value>0x10c0</value>
      </symbol>
      <symbol id="sm-5f">
         <name>TLV_DCO_30_TAG</name>
         <value>0x10f6</value>
      </symbol>
      <symbol id="sm-60">
         <name>TLV_DCO_30_LEN</name>
         <value>0x10f7</value>
      </symbol>
      <symbol id="sm-61">
         <name>TLV_ADC10_1_TAG</name>
         <value>0x10da</value>
      </symbol>
      <symbol id="sm-62">
         <name>TLV_ADC10_1_LEN</name>
         <value>0x10db</value>
      </symbol>
      <symbol id="sm-63">
         <name>binit</name>
         <value>0xffffffff</value>
      </symbol>
      <symbol id="sm-64">
         <name>__binit__</name>
         <value>0xffffffff</value>
      </symbol>
      <symbol id="sm-65">
         <name>__STACK_SIZE</name>
         <value>0x50</value>
      </symbol>
      <symbol id="sm-66">
         <name>__STACK_END</name>
         <value>0x400</value>
      </symbol>
      <symbol id="sm-67">
         <name>__c_args__</name>
         <value>0xffffffff</value>
      </symbol>
      <symbol id="sm-a2">
         <name>main</name>
         <value>0xc000</value>
         <object_component_ref idref="oc-d6"/>
      </symbol>
      <symbol id="sm-ba">
         <name>gpioToggle</name>
         <value>0xc0a8</value>
         <object_component_ref idref="oc-12a"/>
      </symbol>
      <symbol id="sm-bb">
         <name>gpioSetup</name>
         <value>0xc044</value>
         <object_component_ref idref="oc-124"/>
      </symbol>
      <symbol id="sm-ce">
         <name>wdtSetup</name>
         <value>0xc07a</value>
         <object_component_ref idref="oc-11e"/>
      </symbol>
      <symbol id="sm-cf">
         <name>wdtClear</name>
         <value>0xc0ba</value>
         <object_component_ref idref="oc-130"/>
      </symbol>
      <symbol id="sm-d9">
         <name>_stack</name>
         <value>0x3b0</value>
         <object_component_ref idref="oc-8c"/>
      </symbol>
      <symbol id="sm-da">
         <name>_reset_vector</name>
         <value>0xfffe</value>
         <object_component_ref idref="oc-8f"/>
      </symbol>
      <symbol id="sm-e4">
         <name>_c_int00_noinit_noargs_noexit</name>
         <value>0xc096</value>
         <object_component_ref idref="oc-80"/>
      </symbol>
      <symbol id="sm-f5">
         <name>C$$EXIT</name>
         <value>0xc0cc</value>
         <object_component_ref idref="oc-de"/>
      </symbol>
      <symbol id="sm-f6">
         <name>abort</name>
         <value>0xc0cc</value>
         <object_component_ref idref="oc-de"/>
      </symbol>
      <symbol id="sm-fa">
         <name>__TI_int00</name>
         <value>0xffe0</value>
         <object_component_ref idref="oc-3d"/>
      </symbol>
      <symbol id="sm-fd">
         <name>__TI_int02</name>
         <value>0xffe4</value>
         <object_component_ref idref="oc-3e"/>
      </symbol>
      <symbol id="sm-100">
         <name>__TI_int03</name>
         <value>0xffe6</value>
         <object_component_ref idref="oc-3f"/>
      </symbol>
      <symbol id="sm-103">
         <name>__TI_int05</name>
         <value>0xffea</value>
         <object_component_ref idref="oc-40"/>
      </symbol>
      <symbol id="sm-106">
         <name>__TI_int06</name>
         <value>0xffec</value>
         <object_component_ref idref="oc-41"/>
      </symbol>
      <symbol id="sm-109">
         <name>__TI_int07</name>
         <value>0xffee</value>
         <object_component_ref idref="oc-42"/>
      </symbol>
      <symbol id="sm-10c">
         <name>__TI_int08</name>
         <value>0xfff0</value>
         <object_component_ref idref="oc-43"/>
      </symbol>
      <symbol id="sm-10f">
         <name>__TI_int09</name>
         <value>0xfff2</value>
         <object_component_ref idref="oc-44"/>
      </symbol>
      <symbol id="sm-112">
         <name>__TI_int10</name>
         <value>0xfff4</value>
         <object_component_ref idref="oc-45"/>
      </symbol>
      <symbol id="sm-115">
         <name>__TI_int11</name>
         <value>0xfff6</value>
         <object_component_ref idref="oc-46"/>
      </symbol>
      <symbol id="sm-118">
         <name>__TI_int12</name>
         <value>0xfff8</value>
         <object_component_ref idref="oc-47"/>
      </symbol>
      <symbol id="sm-11b">
         <name>__TI_int13</name>
         <value>0xfffa</value>
         <object_component_ref idref="oc-48"/>
      </symbol>
      <symbol id="sm-11e">
         <name>__TI_int14</name>
         <value>0xfffc</value>
         <object_component_ref idref="oc-49"/>
      </symbol>
      <symbol id="sm-126">
         <name>__TI_ISR_TRAP</name>
         <value>0xc0c2</value>
         <object_component_ref idref="oc-aa"/>
      </symbol>
      <symbol id="sm-132">
         <name>_system_pre_init</name>
         <value>0xc0c8</value>
         <object_component_ref idref="oc-b6"/>
      </symbol>
   </symbol_table>
   <title>Link successful</title>
</link_info>
