<?xml version="1.0"?>
<link_info>
   <banner>MSP430 Linker PC v4.4.7</banner>
   <copyright>Copyright (c) 2003-2015 Texas Instruments Incorporated</copyright>
   <link_time>0x5826777c</link_time>
   <link_errors>0x0</link_errors>
   <output_file>I2C COMMUNICATION.out</output_file>
   <entry_point>
      <name>_c_int00_noinit_noargs_noexit</name>
      <address>0xc1fc</address>
   </entry_point>
   <input_file_list>
      <input_file id="fl-2">
         <path>.\</path>
         <kind>object</kind>
         <file>main.obj</file>
         <name>main.obj</name>
      </input_file>
      <input_file id="fl-3">
         <path>.\Source Files\</path>
         <kind>object</kind>
         <file>CLOCK_1_0_1.obj</file>
         <name>CLOCK_1_0_1.obj</name>
      </input_file>
      <input_file id="fl-4">
         <path>.\Source Files\</path>
         <kind>object</kind>
         <file>GPIO_1_0_1.obj</file>
         <name>GPIO_1_0_1.obj</name>
      </input_file>
      <input_file id="fl-5">
         <path>.\Source Files\</path>
         <kind>object</kind>
         <file>UCSI_I2C_2_0_1.obj</file>
         <name>UCSI_I2C_2_0_1.obj</name>
      </input_file>
      <input_file id="fl-6">
         <path>.\Source Files\</path>
         <kind>object</kind>
         <file>USCI_UART_1_2_3.obj</file>
         <name>USCI_UART_1_2_3.obj</name>
      </input_file>
      <input_file id="fl-7">
         <path>.\Source Files\</path>
         <kind>object</kind>
         <file>WATCHDOG_1_0_1.obj</file>
         <name>WATCHDOG_1_0_1.obj</name>
      </input_file>
      <input_file id="fl-36">
         <path>C:\ti\ccsv6\tools\compiler\ti-cgt-msp430_4.4.7\lib\</path>
         <kind>archive</kind>
         <file>rts430_eabi.lib</file>
         <name>boot.obj</name>
      </input_file>
      <input_file id="fl-37">
         <path>C:\ti\ccsv6\tools\compiler\ti-cgt-msp430_4.4.7\lib\</path>
         <kind>archive</kind>
         <file>rts430_eabi.lib</file>
         <name>boot_special.obj</name>
      </input_file>
      <input_file id="fl-38">
         <path>C:\ti\ccsv6\tools\compiler\ti-cgt-msp430_4.4.7\lib\</path>
         <kind>archive</kind>
         <file>rts430_eabi.lib</file>
         <name>copy_decompress_none.obj</name>
      </input_file>
      <input_file id="fl-39">
         <path>C:\ti\ccsv6\tools\compiler\ti-cgt-msp430_4.4.7\lib\</path>
         <kind>archive</kind>
         <file>rts430_eabi.lib</file>
         <name>copy_decompress_rle.obj</name>
      </input_file>
      <input_file id="fl-3a">
         <path>C:\ti\ccsv6\tools\compiler\ti-cgt-msp430_4.4.7\lib\</path>
         <kind>archive</kind>
         <file>rts430_eabi.lib</file>
         <name>copy_zero_init.obj</name>
      </input_file>
      <input_file id="fl-3b">
         <path>C:\ti\ccsv6\tools\compiler\ti-cgt-msp430_4.4.7\lib\</path>
         <kind>archive</kind>
         <file>rts430_eabi.lib</file>
         <name>div16s.obj</name>
      </input_file>
      <input_file id="fl-3c">
         <path>C:\ti\ccsv6\tools\compiler\ti-cgt-msp430_4.4.7\lib\</path>
         <kind>archive</kind>
         <file>rts430_eabi.lib</file>
         <name>div16u.obj</name>
      </input_file>
      <input_file id="fl-3d">
         <path>C:\ti\ccsv6\tools\compiler\ti-cgt-msp430_4.4.7\lib\</path>
         <kind>archive</kind>
         <file>rts430_eabi.lib</file>
         <name>epilog.obj</name>
      </input_file>
      <input_file id="fl-3e">
         <path>C:\ti\ccsv6\tools\compiler\ti-cgt-msp430_4.4.7\lib\</path>
         <kind>archive</kind>
         <file>rts430_eabi.lib</file>
         <name>exit.obj</name>
      </input_file>
      <input_file id="fl-3f">
         <path>C:\ti\ccsv6\tools\compiler\ti-cgt-msp430_4.4.7\lib\</path>
         <kind>archive</kind>
         <file>rts430_eabi.lib</file>
         <name>exit_gvars.obj</name>
      </input_file>
      <input_file id="fl-40">
         <path>C:\ti\ccsv6\tools\compiler\ti-cgt-msp430_4.4.7\lib\</path>
         <kind>archive</kind>
         <file>rts430_eabi.lib</file>
         <name>int00.obj</name>
      </input_file>
      <input_file id="fl-41">
         <path>C:\ti\ccsv6\tools\compiler\ti-cgt-msp430_4.4.7\lib\</path>
         <kind>archive</kind>
         <file>rts430_eabi.lib</file>
         <name>int02.obj</name>
      </input_file>
      <input_file id="fl-42">
         <path>C:\ti\ccsv6\tools\compiler\ti-cgt-msp430_4.4.7\lib\</path>
         <kind>archive</kind>
         <file>rts430_eabi.lib</file>
         <name>int03.obj</name>
      </input_file>
      <input_file id="fl-43">
         <path>C:\ti\ccsv6\tools\compiler\ti-cgt-msp430_4.4.7\lib\</path>
         <kind>archive</kind>
         <file>rts430_eabi.lib</file>
         <name>int05.obj</name>
      </input_file>
      <input_file id="fl-44">
         <path>C:\ti\ccsv6\tools\compiler\ti-cgt-msp430_4.4.7\lib\</path>
         <kind>archive</kind>
         <file>rts430_eabi.lib</file>
         <name>int07.obj</name>
      </input_file>
      <input_file id="fl-45">
         <path>C:\ti\ccsv6\tools\compiler\ti-cgt-msp430_4.4.7\lib\</path>
         <kind>archive</kind>
         <file>rts430_eabi.lib</file>
         <name>int08.obj</name>
      </input_file>
      <input_file id="fl-46">
         <path>C:\ti\ccsv6\tools\compiler\ti-cgt-msp430_4.4.7\lib\</path>
         <kind>archive</kind>
         <file>rts430_eabi.lib</file>
         <name>int09.obj</name>
      </input_file>
      <input_file id="fl-47">
         <path>C:\ti\ccsv6\tools\compiler\ti-cgt-msp430_4.4.7\lib\</path>
         <kind>archive</kind>
         <file>rts430_eabi.lib</file>
         <name>int10.obj</name>
      </input_file>
      <input_file id="fl-48">
         <path>C:\ti\ccsv6\tools\compiler\ti-cgt-msp430_4.4.7\lib\</path>
         <kind>archive</kind>
         <file>rts430_eabi.lib</file>
         <name>int11.obj</name>
      </input_file>
      <input_file id="fl-49">
         <path>C:\ti\ccsv6\tools\compiler\ti-cgt-msp430_4.4.7\lib\</path>
         <kind>archive</kind>
         <file>rts430_eabi.lib</file>
         <name>int12.obj</name>
      </input_file>
      <input_file id="fl-4a">
         <path>C:\ti\ccsv6\tools\compiler\ti-cgt-msp430_4.4.7\lib\</path>
         <kind>archive</kind>
         <file>rts430_eabi.lib</file>
         <name>int13.obj</name>
      </input_file>
      <input_file id="fl-4b">
         <path>C:\ti\ccsv6\tools\compiler\ti-cgt-msp430_4.4.7\lib\</path>
         <kind>archive</kind>
         <file>rts430_eabi.lib</file>
         <name>int14.obj</name>
      </input_file>
      <input_file id="fl-4c">
         <path>C:\ti\ccsv6\tools\compiler\ti-cgt-msp430_4.4.7\lib\</path>
         <kind>archive</kind>
         <file>rts430_eabi.lib</file>
         <name>isr_trap.obj</name>
      </input_file>
      <input_file id="fl-4d">
         <path>C:\ti\ccsv6\tools\compiler\ti-cgt-msp430_4.4.7\lib\</path>
         <kind>archive</kind>
         <file>rts430_eabi.lib</file>
         <name>memcpy.obj</name>
      </input_file>
      <input_file id="fl-4e">
         <path>C:\ti\ccsv6\tools\compiler\ti-cgt-msp430_4.4.7\lib\</path>
         <kind>archive</kind>
         <file>rts430_eabi.lib</file>
         <name>mpu_init.obj</name>
      </input_file>
      <input_file id="fl-4f">
         <path>C:\ti\ccsv6\tools\compiler\ti-cgt-msp430_4.4.7\lib\</path>
         <kind>archive</kind>
         <file>rts430_eabi.lib</file>
         <name>mult16.obj</name>
      </input_file>
      <input_file id="fl-50">
         <path>C:\ti\ccsv6\tools\compiler\ti-cgt-msp430_4.4.7\lib\</path>
         <kind>archive</kind>
         <file>rts430_eabi.lib</file>
         <name>pre_init.obj</name>
      </input_file>
      <input_file id="fl-51">
         <path>C:\ti\ccsv6\tools\compiler\ti-cgt-msp430_4.4.7\lib\</path>
         <kind>archive</kind>
         <file>rts430_eabi.lib</file>
         <name>_lock.obj</name>
      </input_file>
      <input_file id="fl-52">
         <path>C:\ti\ccsv6\tools\compiler\ti-cgt-msp430_4.4.7\lib\</path>
         <kind>archive</kind>
         <file>rts430_eabi.lib</file>
         <name>args_main.obj</name>
      </input_file>
      <input_file id="fl-53">
         <path>C:\ti\ccsv6\tools\compiler\ti-cgt-msp430_4.4.7\lib\</path>
         <kind>archive</kind>
         <file>rts430_eabi.lib</file>
         <name>autoinit.obj</name>
      </input_file>
   </input_file_list>
   <object_component_list>
      <object_component id="oc-8c">
         <name>.stack</name>
         <uninitialized>true</uninitialized>
         <run_address>0x3b0</run_address>
         <size>0x2</size>
         <input_file_ref idref="fl-36"/>
      </object_component>
      <object_component id="oc-1bf">
         <name>.stack</name>
         <uninitialized>true</uninitialized>
         <run_address>0x3b0</run_address>
         <size>0x0</size>
      </object_component>
      <object_component id="oc-138">
         <name>.text:strEncoder</name>
         <load_address>0xc000</load_address>
         <run_address>0xc000</run_address>
         <size>0x11e</size>
         <input_file_ref idref="fl-2"/>
      </object_component>
      <object_component id="oc-dc">
         <name>.text:main</name>
         <load_address>0xc11e</load_address>
         <run_address>0xc11e</run_address>
         <size>0x7a</size>
         <input_file_ref idref="fl-2"/>
      </object_component>
      <object_component id="oc-12b">
         <name>.text:clkSetup</name>
         <load_address>0xc198</load_address>
         <run_address>0xc198</run_address>
         <size>0x48</size>
         <input_file_ref idref="fl-3"/>
      </object_component>
      <object_component id="oc-131">
         <name>.text:wdtSetup</name>
         <load_address>0xc1e0</load_address>
         <run_address>0xc1e0</run_address>
         <size>0x1c</size>
         <input_file_ref idref="fl-7"/>
      </object_component>
      <object_component id="oc-80">
         <name>.text:_c_int00_noinit_noargs_noexit</name>
         <load_address>0xc1fc</load_address>
         <run_address>0xc1fc</run_address>
         <size>0x12</size>
         <input_file_ref idref="fl-37"/>
      </object_component>
      <object_component id="oc-13e">
         <name>.text:gpioToggle</name>
         <load_address>0xc20e</load_address>
         <run_address>0xc20e</run_address>
         <size>0x12</size>
         <input_file_ref idref="fl-4"/>
      </object_component>
      <object_component id="oc-90">
         <name>.text:memcpy</name>
         <load_address>0xc220</load_address>
         <run_address>0xc220</run_address>
         <size>0x12</size>
         <input_file_ref idref="fl-4d"/>
      </object_component>
      <object_component id="oc-105">
         <name>.text</name>
         <load_address>0xc232</load_address>
         <run_address>0xc232</run_address>
         <size>0x10</size>
         <input_file_ref idref="fl-3d"/>
      </object_component>
      <object_component id="oc-aa">
         <name>.text:_isr:__TI_ISR_TRAP</name>
         <load_address>0xc242</load_address>
         <run_address>0xc242</run_address>
         <size>0x6</size>
         <input_file_ref idref="fl-4c"/>
      </object_component>
      <object_component id="oc-bc">
         <name>.text:_system_pre_init</name>
         <load_address>0xc248</load_address>
         <run_address>0xc248</run_address>
         <size>0x4</size>
         <input_file_ref idref="fl-50"/>
      </object_component>
      <object_component id="oc-e4">
         <name>.text:abort</name>
         <load_address>0xc24c</load_address>
         <run_address>0xc24c</run_address>
         <size>0x4</size>
         <input_file_ref idref="fl-3e"/>
      </object_component>
      <object_component id="oc-af">
         <name>.text:USCIAB0TX_ISR</name>
         <load_address>0xc250</load_address>
         <run_address>0xc250</run_address>
         <size>0x2</size>
         <input_file_ref idref="fl-2"/>
      </object_component>
      <object_component id="oc-137">
         <name>.const:.string</name>
         <load_address>0xc252</load_address>
         <run_address>0xc252</run_address>
         <size>0x14</size>
         <input_file_ref idref="fl-2"/>
      </object_component>
      <object_component id="oc-125">
         <name>.const:.string:$P$T0$1</name>
         <load_address>0xc266</load_address>
         <run_address>0xc266</run_address>
         <size>0x5</size>
         <input_file_ref idref="fl-2"/>
      </object_component>
      <object_component id="oc-128">
         <name>.const:.string:$P$T1$2</name>
         <load_address>0xc26c</load_address>
         <run_address>0xc26c</run_address>
         <size>0x4</size>
         <input_file_ref idref="fl-2"/>
      </object_component>
      <object_component id="oc-3d">
         <name>.int00</name>
         <load_address>0xffe0</load_address>
         <run_address>0xffe0</run_address>
         <size>0x2</size>
         <input_file_ref idref="fl-40"/>
      </object_component>
      <object_component id="oc-3e">
         <name>.int02</name>
         <load_address>0xffe4</load_address>
         <run_address>0xffe4</run_address>
         <size>0x2</size>
         <input_file_ref idref="fl-41"/>
      </object_component>
      <object_component id="oc-3f">
         <name>.int03</name>
         <load_address>0xffe6</load_address>
         <run_address>0xffe6</run_address>
         <size>0x2</size>
         <input_file_ref idref="fl-42"/>
      </object_component>
      <object_component id="oc-40">
         <name>.int05</name>
         <load_address>0xffea</load_address>
         <run_address>0xffea</run_address>
         <size>0x2</size>
         <input_file_ref idref="fl-43"/>
      </object_component>
      <object_component id="oc-41">
         <name>.int06</name>
         <load_address>0xffec</load_address>
         <run_address>0xffec</run_address>
         <size>0x2</size>
         <input_file_ref idref="fl-2"/>
      </object_component>
      <object_component id="oc-42">
         <name>.int07</name>
         <load_address>0xffee</load_address>
         <run_address>0xffee</run_address>
         <size>0x2</size>
         <input_file_ref idref="fl-44"/>
      </object_component>
      <object_component id="oc-43">
         <name>.int08</name>
         <load_address>0xfff0</load_address>
         <run_address>0xfff0</run_address>
         <size>0x2</size>
         <input_file_ref idref="fl-45"/>
      </object_component>
      <object_component id="oc-44">
         <name>.int09</name>
         <load_address>0xfff2</load_address>
         <run_address>0xfff2</run_address>
         <size>0x2</size>
         <input_file_ref idref="fl-46"/>
      </object_component>
      <object_component id="oc-45">
         <name>.int10</name>
         <load_address>0xfff4</load_address>
         <run_address>0xfff4</run_address>
         <size>0x2</size>
         <input_file_ref idref="fl-47"/>
      </object_component>
      <object_component id="oc-46">
         <name>.int11</name>
         <load_address>0xfff6</load_address>
         <run_address>0xfff6</run_address>
         <size>0x2</size>
         <input_file_ref idref="fl-48"/>
      </object_component>
      <object_component id="oc-47">
         <name>.int12</name>
         <load_address>0xfff8</load_address>
         <run_address>0xfff8</run_address>
         <size>0x2</size>
         <input_file_ref idref="fl-49"/>
      </object_component>
      <object_component id="oc-48">
         <name>.int13</name>
         <load_address>0xfffa</load_address>
         <run_address>0xfffa</run_address>
         <size>0x2</size>
         <input_file_ref idref="fl-4a"/>
      </object_component>
      <object_component id="oc-49">
         <name>.int14</name>
         <load_address>0xfffc</load_address>
         <run_address>0xfffc</run_address>
         <size>0x2</size>
         <input_file_ref idref="fl-4b"/>
      </object_component>
      <object_component id="oc-8f">
         <name>.reset</name>
         <load_address>0xfffe</load_address>
         <run_address>0xfffe</run_address>
         <size>0x2</size>
         <input_file_ref idref="fl-36"/>
      </object_component>
      <object_component id="oc-145">
         <name>.debug_info</name>
         <load_address>0x0</load_address>
         <run_address>0x0</run_address>
         <size>0x27b</size>
         <input_file_ref idref="fl-2"/>
      </object_component>
      <object_component id="oc-126">
         <name>.debug_info</name>
         <load_address>0x27b</load_address>
         <run_address>0x27b</run_address>
         <size>0xf9</size>
         <input_file_ref idref="fl-2"/>
      </object_component>
      <object_component id="oc-129">
         <name>.debug_info</name>
         <load_address>0x374</load_address>
         <run_address>0x374</run_address>
         <size>0xf9</size>
         <input_file_ref idref="fl-2"/>
      </object_component>
      <object_component id="oc-139">
         <name>.debug_info</name>
         <load_address>0x46d</load_address>
         <run_address>0x46d</run_address>
         <size>0x227</size>
         <input_file_ref idref="fl-2"/>
      </object_component>
      <object_component id="oc-dd">
         <name>.debug_info</name>
         <load_address>0x694</load_address>
         <run_address>0x694</run_address>
         <size>0x1bf</size>
         <input_file_ref idref="fl-2"/>
      </object_component>
      <object_component id="oc-b0">
         <name>.debug_info</name>
         <load_address>0x853</load_address>
         <run_address>0x853</run_address>
         <size>0x131</size>
         <input_file_ref idref="fl-2"/>
      </object_component>
      <object_component id="oc-17c">
         <name>.debug_info</name>
         <load_address>0x984</load_address>
         <run_address>0x984</run_address>
         <size>0x1be</size>
         <input_file_ref idref="fl-2"/>
      </object_component>
      <object_component id="oc-f2">
         <name>.debug_info</name>
         <load_address>0xb42</load_address>
         <run_address>0xb42</run_address>
         <size>0x84</size>
         <input_file_ref idref="fl-2"/>
      </object_component>
      <object_component id="oc-173">
         <name>.debug_info</name>
         <load_address>0xbc6</load_address>
         <run_address>0xbc6</run_address>
         <size>0x18b</size>
         <input_file_ref idref="fl-2"/>
      </object_component>
      <object_component id="oc-170">
         <name>.debug_info</name>
         <load_address>0xd51</load_address>
         <run_address>0xd51</run_address>
         <size>0x310</size>
         <input_file_ref idref="fl-3"/>
      </object_component>
      <object_component id="oc-12f">
         <name>.debug_info</name>
         <load_address>0x1061</load_address>
         <run_address>0x1061</run_address>
         <size>0x254</size>
         <input_file_ref idref="fl-3"/>
      </object_component>
      <object_component id="oc-179">
         <name>.debug_info</name>
         <load_address>0x12b5</load_address>
         <run_address>0x12b5</run_address>
         <size>0x3af</size>
         <input_file_ref idref="fl-4"/>
      </object_component>
      <object_component id="oc-140">
         <name>.debug_info</name>
         <load_address>0x1664</load_address>
         <run_address>0x1664</run_address>
         <size>0x28c</size>
         <input_file_ref idref="fl-4"/>
      </object_component>
      <object_component id="oc-135">
         <name>.debug_info</name>
         <load_address>0x18f0</load_address>
         <run_address>0x18f0</run_address>
         <size>0x27a</size>
         <input_file_ref idref="fl-7"/>
      </object_component>
      <object_component id="oc-8d">
         <name>.debug_info</name>
         <load_address>0x1b6a</load_address>
         <run_address>0x1b6a</run_address>
         <size>0x10b</size>
         <input_file_ref idref="fl-36"/>
      </object_component>
      <object_component id="oc-83">
         <name>.debug_info</name>
         <load_address>0x1c75</load_address>
         <run_address>0x1c75</run_address>
         <size>0x1a9</size>
         <input_file_ref idref="fl-37"/>
      </object_component>
      <object_component id="oc-f9">
         <name>.debug_info</name>
         <load_address>0x1e1e</load_address>
         <run_address>0x1e1e</run_address>
         <size>0x2c</size>
         <input_file_ref idref="fl-3a"/>
      </object_component>
      <object_component id="oc-106">
         <name>.debug_info</name>
         <load_address>0x1e4a</load_address>
         <run_address>0x1e4a</run_address>
         <size>0x140</size>
         <input_file_ref idref="fl-3d"/>
      </object_component>
      <object_component id="oc-e8">
         <name>.debug_info</name>
         <load_address>0x1f8a</load_address>
         <run_address>0x1f8a</run_address>
         <size>0x12d</size>
         <input_file_ref idref="fl-3e"/>
      </object_component>
      <object_component id="oc-ad">
         <name>.debug_info</name>
         <load_address>0x20b7</load_address>
         <run_address>0x20b7</run_address>
         <size>0x121</size>
         <input_file_ref idref="fl-4c"/>
      </object_component>
      <object_component id="oc-f8">
         <name>.debug_info</name>
         <load_address>0x21d8</load_address>
         <run_address>0x21d8</run_address>
         <size>0x183</size>
         <input_file_ref idref="fl-4d"/>
      </object_component>
      <object_component id="oc-94">
         <name>.debug_info</name>
         <load_address>0x235b</load_address>
         <run_address>0x235b</run_address>
         <size>0x1a7</size>
         <input_file_ref idref="fl-4d"/>
      </object_component>
      <object_component id="oc-c0">
         <name>.debug_info</name>
         <load_address>0x2502</load_address>
         <run_address>0x2502</run_address>
         <size>0x15e</size>
         <input_file_ref idref="fl-50"/>
      </object_component>
      <object_component id="oc-1c0">
         <name>.debug_info</name>
         <load_address>0x2660</load_address>
         <run_address>0x2660</run_address>
         <size>0xd2</size>
      </object_component>
      <object_component id="oc-17b">
         <name>.debug_line</name>
         <load_address>0x0</load_address>
         <run_address>0x0</run_address>
         <size>0x1ba</size>
         <input_file_ref idref="fl-2"/>
      </object_component>
      <object_component id="oc-16c">
         <name>.debug_line</name>
         <load_address>0x1ba</load_address>
         <run_address>0x1ba</run_address>
         <size>0x2d</size>
         <input_file_ref idref="fl-2"/>
      </object_component>
      <object_component id="oc-16e">
         <name>.debug_line</name>
         <load_address>0x1e7</load_address>
         <run_address>0x1e7</run_address>
         <size>0x2d</size>
         <input_file_ref idref="fl-2"/>
      </object_component>
      <object_component id="oc-13c">
         <name>.debug_line</name>
         <load_address>0x214</load_address>
         <run_address>0x214</run_address>
         <size>0x66</size>
         <input_file_ref idref="fl-2"/>
      </object_component>
      <object_component id="oc-e0">
         <name>.debug_line</name>
         <load_address>0x27a</load_address>
         <run_address>0x27a</run_address>
         <size>0x55</size>
         <input_file_ref idref="fl-2"/>
      </object_component>
      <object_component id="oc-b3">
         <name>.debug_line</name>
         <load_address>0x2cf</load_address>
         <run_address>0x2cf</run_address>
         <size>0x3e</size>
         <input_file_ref idref="fl-2"/>
      </object_component>
      <object_component id="oc-17f">
         <name>.debug_line</name>
         <load_address>0x30d</load_address>
         <run_address>0x30d</run_address>
         <size>0x90</size>
         <input_file_ref idref="fl-2"/>
      </object_component>
      <object_component id="oc-f5">
         <name>.debug_line</name>
         <load_address>0x39d</load_address>
         <run_address>0x39d</run_address>
         <size>0x20</size>
         <input_file_ref idref="fl-2"/>
      </object_component>
      <object_component id="oc-176">
         <name>.debug_line</name>
         <load_address>0x3bd</load_address>
         <run_address>0x3bd</run_address>
         <size>0x63</size>
         <input_file_ref idref="fl-2"/>
      </object_component>
      <object_component id="oc-187">
         <name>.debug_line</name>
         <load_address>0x420</load_address>
         <run_address>0x420</run_address>
         <size>0x55</size>
         <input_file_ref idref="fl-3"/>
      </object_component>
      <object_component id="oc-12e">
         <name>.debug_line</name>
         <load_address>0x475</load_address>
         <run_address>0x475</run_address>
         <size>0xb6</size>
         <input_file_ref idref="fl-3"/>
      </object_component>
      <object_component id="oc-189">
         <name>.debug_line</name>
         <load_address>0x52b</load_address>
         <run_address>0x52b</run_address>
         <size>0x9c</size>
         <input_file_ref idref="fl-4"/>
      </object_component>
      <object_component id="oc-142">
         <name>.debug_line</name>
         <load_address>0x5c7</load_address>
         <run_address>0x5c7</run_address>
         <size>0xaa</size>
         <input_file_ref idref="fl-4"/>
      </object_component>
      <object_component id="oc-133">
         <name>.debug_line</name>
         <load_address>0x671</load_address>
         <run_address>0x671</run_address>
         <size>0xa7</size>
         <input_file_ref idref="fl-7"/>
      </object_component>
      <object_component id="oc-f1">
         <name>.debug_line</name>
         <load_address>0x718</load_address>
         <run_address>0x718</run_address>
         <size>0x2a</size>
         <input_file_ref idref="fl-36"/>
      </object_component>
      <object_component id="oc-85">
         <name>.debug_line</name>
         <load_address>0x742</load_address>
         <run_address>0x742</run_address>
         <size>0x47</size>
         <input_file_ref idref="fl-37"/>
      </object_component>
      <object_component id="oc-fc">
         <name>.debug_line</name>
         <load_address>0x789</load_address>
         <run_address>0x789</run_address>
         <size>0xa5</size>
         <input_file_ref idref="fl-3a"/>
      </object_component>
      <object_component id="oc-109">
         <name>.debug_line</name>
         <load_address>0x82e</load_address>
         <run_address>0x82e</run_address>
         <size>0x40</size>
         <input_file_ref idref="fl-3d"/>
      </object_component>
      <object_component id="oc-e7">
         <name>.debug_line</name>
         <load_address>0x86e</load_address>
         <run_address>0x86e</run_address>
         <size>0x3a</size>
         <input_file_ref idref="fl-3e"/>
      </object_component>
      <object_component id="oc-ac">
         <name>.debug_line</name>
         <load_address>0x8a8</load_address>
         <run_address>0x8a8</run_address>
         <size>0x3c</size>
         <input_file_ref idref="fl-4c"/>
      </object_component>
      <object_component id="oc-149">
         <name>.debug_line</name>
         <load_address>0x8e4</load_address>
         <run_address>0x8e4</run_address>
         <size>0x20</size>
         <input_file_ref idref="fl-4d"/>
      </object_component>
      <object_component id="oc-91">
         <name>.debug_line</name>
         <load_address>0x904</load_address>
         <run_address>0x904</run_address>
         <size>0x45</size>
         <input_file_ref idref="fl-4d"/>
      </object_component>
      <object_component id="oc-bf">
         <name>.debug_line</name>
         <load_address>0x949</load_address>
         <run_address>0x949</run_address>
         <size>0x3e</size>
         <input_file_ref idref="fl-50"/>
      </object_component>
      <object_component id="oc-13d">
         <name>.debug_frame</name>
         <load_address>0x0</load_address>
         <run_address>0x0</run_address>
         <size>0x57</size>
         <input_file_ref idref="fl-2"/>
      </object_component>
      <object_component id="oc-e1">
         <name>.debug_frame</name>
         <load_address>0x57</load_address>
         <run_address>0x57</run_address>
         <size>0x4a</size>
         <input_file_ref idref="fl-2"/>
      </object_component>
      <object_component id="oc-b4">
         <name>.debug_frame</name>
         <load_address>0xa1</load_address>
         <run_address>0xa1</run_address>
         <size>0x47</size>
         <input_file_ref idref="fl-2"/>
      </object_component>
      <object_component id="oc-12c">
         <name>.debug_frame</name>
         <load_address>0xe8</load_address>
         <run_address>0xe8</run_address>
         <size>0x47</size>
         <input_file_ref idref="fl-3"/>
      </object_component>
      <object_component id="oc-143">
         <name>.debug_frame</name>
         <load_address>0x12f</load_address>
         <run_address>0x12f</run_address>
         <size>0x47</size>
         <input_file_ref idref="fl-4"/>
      </object_component>
      <object_component id="oc-132">
         <name>.debug_frame</name>
         <load_address>0x176</load_address>
         <run_address>0x176</run_address>
         <size>0x47</size>
         <input_file_ref idref="fl-7"/>
      </object_component>
      <object_component id="oc-81">
         <name>.debug_frame</name>
         <load_address>0x1bd</load_address>
         <run_address>0x1bd</run_address>
         <size>0x42</size>
         <input_file_ref idref="fl-37"/>
      </object_component>
      <object_component id="oc-e5">
         <name>.debug_frame</name>
         <load_address>0x1ff</load_address>
         <run_address>0x1ff</run_address>
         <size>0x47</size>
         <input_file_ref idref="fl-3e"/>
      </object_component>
      <object_component id="oc-93">
         <name>.debug_frame</name>
         <load_address>0x246</load_address>
         <run_address>0x246</run_address>
         <size>0x47</size>
         <input_file_ref idref="fl-4d"/>
      </object_component>
      <object_component id="oc-bd">
         <name>.debug_frame</name>
         <load_address>0x28d</load_address>
         <run_address>0x28d</run_address>
         <size>0x47</size>
         <input_file_ref idref="fl-50"/>
      </object_component>
      <object_component id="oc-17a">
         <name>.debug_abbrev</name>
         <load_address>0x0</load_address>
         <run_address>0x0</run_address>
         <size>0x89</size>
         <input_file_ref idref="fl-2"/>
      </object_component>
      <object_component id="oc-16b">
         <name>.debug_abbrev</name>
         <load_address>0x89</load_address>
         <run_address>0x89</run_address>
         <size>0x27</size>
         <input_file_ref idref="fl-2"/>
      </object_component>
      <object_component id="oc-16d">
         <name>.debug_abbrev</name>
         <load_address>0xb0</load_address>
         <run_address>0xb0</run_address>
         <size>0x27</size>
         <input_file_ref idref="fl-2"/>
      </object_component>
      <object_component id="oc-172">
         <name>.debug_abbrev</name>
         <load_address>0xd7</load_address>
         <run_address>0xd7</run_address>
         <size>0x6c</size>
         <input_file_ref idref="fl-2"/>
      </object_component>
      <object_component id="oc-144">
         <name>.debug_abbrev</name>
         <load_address>0x143</load_address>
         <run_address>0x143</run_address>
         <size>0x60</size>
         <input_file_ref idref="fl-2"/>
      </object_component>
      <object_component id="oc-10e">
         <name>.debug_abbrev</name>
         <load_address>0x1a3</load_address>
         <run_address>0x1a3</run_address>
         <size>0x53</size>
         <input_file_ref idref="fl-2"/>
      </object_component>
      <object_component id="oc-17e">
         <name>.debug_abbrev</name>
         <load_address>0x1f6</load_address>
         <run_address>0x1f6</run_address>
         <size>0x6e</size>
         <input_file_ref idref="fl-2"/>
      </object_component>
      <object_component id="oc-f4">
         <name>.debug_abbrev</name>
         <load_address>0x264</load_address>
         <run_address>0x264</run_address>
         <size>0x1f</size>
         <input_file_ref idref="fl-2"/>
      </object_component>
      <object_component id="oc-175">
         <name>.debug_abbrev</name>
         <load_address>0x283</load_address>
         <run_address>0x283</run_address>
         <size>0x35</size>
         <input_file_ref idref="fl-2"/>
      </object_component>
      <object_component id="oc-186">
         <name>.debug_abbrev</name>
         <load_address>0x2b8</load_address>
         <run_address>0x2b8</run_address>
         <size>0x4b</size>
         <input_file_ref idref="fl-3"/>
      </object_component>
      <object_component id="oc-16f">
         <name>.debug_abbrev</name>
         <load_address>0x303</load_address>
         <run_address>0x303</run_address>
         <size>0x5e</size>
         <input_file_ref idref="fl-3"/>
      </object_component>
      <object_component id="oc-188">
         <name>.debug_abbrev</name>
         <load_address>0x361</load_address>
         <run_address>0x361</run_address>
         <size>0x6a</size>
         <input_file_ref idref="fl-4"/>
      </object_component>
      <object_component id="oc-178">
         <name>.debug_abbrev</name>
         <load_address>0x3cb</load_address>
         <run_address>0x3cb</run_address>
         <size>0x6c</size>
         <input_file_ref idref="fl-4"/>
      </object_component>
      <object_component id="oc-171">
         <name>.debug_abbrev</name>
         <load_address>0x437</load_address>
         <run_address>0x437</run_address>
         <size>0x5e</size>
         <input_file_ref idref="fl-7"/>
      </object_component>
      <object_component id="oc-f0">
         <name>.debug_abbrev</name>
         <load_address>0x495</load_address>
         <run_address>0x495</run_address>
         <size>0x29</size>
         <input_file_ref idref="fl-36"/>
      </object_component>
      <object_component id="oc-ee">
         <name>.debug_abbrev</name>
         <load_address>0x4be</load_address>
         <run_address>0x4be</run_address>
         <size>0x58</size>
         <input_file_ref idref="fl-37"/>
      </object_component>
      <object_component id="oc-fb">
         <name>.debug_abbrev</name>
         <load_address>0x516</load_address>
         <run_address>0x516</run_address>
         <size>0x24</size>
         <input_file_ref idref="fl-3a"/>
      </object_component>
      <object_component id="oc-14a">
         <name>.debug_abbrev</name>
         <load_address>0x53a</load_address>
         <run_address>0x53a</run_address>
         <size>0x3a</size>
         <input_file_ref idref="fl-3d"/>
      </object_component>
      <object_component id="oc-147">
         <name>.debug_abbrev</name>
         <load_address>0x574</load_address>
         <run_address>0x574</run_address>
         <size>0x45</size>
         <input_file_ref idref="fl-3e"/>
      </object_component>
      <object_component id="oc-10d">
         <name>.debug_abbrev</name>
         <load_address>0x5b9</load_address>
         <run_address>0x5b9</run_address>
         <size>0x28</size>
         <input_file_ref idref="fl-4c"/>
      </object_component>
      <object_component id="oc-148">
         <name>.debug_abbrev</name>
         <load_address>0x5e1</load_address>
         <run_address>0x5e1</run_address>
         <size>0x3e</size>
         <input_file_ref idref="fl-4d"/>
      </object_component>
      <object_component id="oc-f7">
         <name>.debug_abbrev</name>
         <load_address>0x61f</load_address>
         <run_address>0x61f</run_address>
         <size>0x71</size>
         <input_file_ref idref="fl-4d"/>
      </object_component>
      <object_component id="oc-111">
         <name>.debug_abbrev</name>
         <load_address>0x690</load_address>
         <run_address>0x690</run_address>
         <size>0x55</size>
         <input_file_ref idref="fl-50"/>
      </object_component>
      <object_component id="oc-1c1">
         <name>.debug_abbrev</name>
         <load_address>0x6e5</load_address>
         <run_address>0x6e5</run_address>
         <size>0xf</size>
      </object_component>
      <object_component id="oc-180">
         <name>.debug_str</name>
         <load_address>0x0</load_address>
         <run_address>0x0</run_address>
         <size>0x1ff</size>
         <input_file_ref idref="fl-2"/>
      </object_component>
      <object_component id="oc-f6">
         <name>.debug_str</name>
         <load_address>0x1ff</load_address>
         <run_address>0x1ff</run_address>
         <size>0xf5</size>
         <input_file_ref idref="fl-2"/>
      </object_component>
      <object_component id="oc-177">
         <name>.debug_str</name>
         <load_address>0x2f4</load_address>
         <run_address>0x2f4</run_address>
         <size>0x243</size>
         <input_file_ref idref="fl-2"/>
      </object_component>
      <object_component id="oc-fd">
         <name>.debug_str</name>
         <load_address>0x537</load_address>
         <run_address>0x537</run_address>
         <size>0x15e</size>
         <input_file_ref idref="fl-3a"/>
      </object_component>
      <object_component id="oc-13a">
         <name>.debug_aranges</name>
         <load_address>0x0</load_address>
         <run_address>0x0</run_address>
         <size>0x20</size>
         <input_file_ref idref="fl-2"/>
      </object_component>
      <object_component id="oc-de">
         <name>.debug_aranges</name>
         <load_address>0x20</load_address>
         <run_address>0x20</run_address>
         <size>0x20</size>
         <input_file_ref idref="fl-2"/>
      </object_component>
      <object_component id="oc-b1">
         <name>.debug_aranges</name>
         <load_address>0x40</load_address>
         <run_address>0x40</run_address>
         <size>0x20</size>
         <input_file_ref idref="fl-2"/>
      </object_component>
      <object_component id="oc-12d">
         <name>.debug_aranges</name>
         <load_address>0x60</load_address>
         <run_address>0x60</run_address>
         <size>0x20</size>
         <input_file_ref idref="fl-3"/>
      </object_component>
      <object_component id="oc-13f">
         <name>.debug_aranges</name>
         <load_address>0x80</load_address>
         <run_address>0x80</run_address>
         <size>0x20</size>
         <input_file_ref idref="fl-4"/>
      </object_component>
      <object_component id="oc-134">
         <name>.debug_aranges</name>
         <load_address>0xa0</load_address>
         <run_address>0xa0</run_address>
         <size>0x20</size>
         <input_file_ref idref="fl-7"/>
      </object_component>
      <object_component id="oc-82">
         <name>.debug_aranges</name>
         <load_address>0xc0</load_address>
         <run_address>0xc0</run_address>
         <size>0x20</size>
         <input_file_ref idref="fl-37"/>
      </object_component>
      <object_component id="oc-107">
         <name>.debug_aranges</name>
         <load_address>0xe0</load_address>
         <run_address>0xe0</run_address>
         <size>0x20</size>
         <input_file_ref idref="fl-3d"/>
      </object_component>
      <object_component id="oc-e6">
         <name>.debug_aranges</name>
         <load_address>0x100</load_address>
         <run_address>0x100</run_address>
         <size>0x20</size>
         <input_file_ref idref="fl-3e"/>
      </object_component>
      <object_component id="oc-ab">
         <name>.debug_aranges</name>
         <load_address>0x120</load_address>
         <run_address>0x120</run_address>
         <size>0x20</size>
         <input_file_ref idref="fl-4c"/>
      </object_component>
      <object_component id="oc-92">
         <name>.debug_aranges</name>
         <load_address>0x140</load_address>
         <run_address>0x140</run_address>
         <size>0x20</size>
         <input_file_ref idref="fl-4d"/>
      </object_component>
      <object_component id="oc-be">
         <name>.debug_aranges</name>
         <load_address>0x160</load_address>
         <run_address>0x160</run_address>
         <size>0x20</size>
         <input_file_ref idref="fl-50"/>
      </object_component>
      <object_component id="oc-146">
         <name>.debug_pubnames</name>
         <load_address>0x0</load_address>
         <run_address>0x0</run_address>
         <size>0x1c</size>
         <input_file_ref idref="fl-2"/>
      </object_component>
      <object_component id="oc-127">
         <name>.debug_pubnames</name>
         <load_address>0x1c</load_address>
         <run_address>0x1c</run_address>
         <size>0x1e</size>
         <input_file_ref idref="fl-2"/>
      </object_component>
      <object_component id="oc-12a">
         <name>.debug_pubnames</name>
         <load_address>0x3a</load_address>
         <run_address>0x3a</run_address>
         <size>0x1e</size>
         <input_file_ref idref="fl-2"/>
      </object_component>
      <object_component id="oc-13b">
         <name>.debug_pubnames</name>
         <load_address>0x58</load_address>
         <run_address>0x58</run_address>
         <size>0x21</size>
         <input_file_ref idref="fl-2"/>
      </object_component>
      <object_component id="oc-df">
         <name>.debug_pubnames</name>
         <load_address>0x79</load_address>
         <run_address>0x79</run_address>
         <size>0x1b</size>
         <input_file_ref idref="fl-2"/>
      </object_component>
      <object_component id="oc-b2">
         <name>.debug_pubnames</name>
         <load_address>0x94</load_address>
         <run_address>0x94</run_address>
         <size>0x24</size>
         <input_file_ref idref="fl-2"/>
      </object_component>
      <object_component id="oc-130">
         <name>.debug_pubnames</name>
         <load_address>0xb8</load_address>
         <run_address>0xb8</run_address>
         <size>0x1f</size>
         <input_file_ref idref="fl-3"/>
      </object_component>
      <object_component id="oc-141">
         <name>.debug_pubnames</name>
         <load_address>0xd7</load_address>
         <run_address>0xd7</run_address>
         <size>0x21</size>
         <input_file_ref idref="fl-4"/>
      </object_component>
      <object_component id="oc-136">
         <name>.debug_pubnames</name>
         <load_address>0xf8</load_address>
         <run_address>0xf8</run_address>
         <size>0x1f</size>
         <input_file_ref idref="fl-7"/>
      </object_component>
      <object_component id="oc-8e">
         <name>.debug_pubnames</name>
         <load_address>0x117</load_address>
         <run_address>0x117</run_address>
         <size>0x1d</size>
         <input_file_ref idref="fl-36"/>
      </object_component>
      <object_component id="oc-84">
         <name>.debug_pubnames</name>
         <load_address>0x134</load_address>
         <run_address>0x134</run_address>
         <size>0x34</size>
         <input_file_ref idref="fl-37"/>
      </object_component>
      <object_component id="oc-108">
         <name>.debug_pubnames</name>
         <load_address>0x168</load_address>
         <run_address>0x168</run_address>
         <size>0x2b</size>
         <input_file_ref idref="fl-3d"/>
      </object_component>
      <object_component id="oc-e9">
         <name>.debug_pubnames</name>
         <load_address>0x193</load_address>
         <run_address>0x193</run_address>
         <size>0x1c</size>
         <input_file_ref idref="fl-3e"/>
      </object_component>
      <object_component id="oc-ae">
         <name>.debug_pubnames</name>
         <load_address>0x1af</load_address>
         <run_address>0x1af</run_address>
         <size>0x2b</size>
         <input_file_ref idref="fl-4c"/>
      </object_component>
      <object_component id="oc-95">
         <name>.debug_pubnames</name>
         <load_address>0x1da</load_address>
         <run_address>0x1da</run_address>
         <size>0x1d</size>
         <input_file_ref idref="fl-4d"/>
      </object_component>
      <object_component id="oc-c1">
         <name>.debug_pubnames</name>
         <load_address>0x1f7</load_address>
         <run_address>0x1f7</run_address>
         <size>0x27</size>
         <input_file_ref idref="fl-50"/>
      </object_component>
      <object_component id="oc-17d">
         <name>.debug_pubtypes</name>
         <load_address>0x0</load_address>
         <run_address>0x0</run_address>
         <size>0x4e</size>
         <input_file_ref idref="fl-2"/>
      </object_component>
      <object_component id="oc-f3">
         <name>.debug_pubtypes</name>
         <load_address>0x4e</load_address>
         <run_address>0x4e</run_address>
         <size>0xed</size>
         <input_file_ref idref="fl-2"/>
      </object_component>
      <object_component id="oc-174">
         <name>.debug_pubtypes</name>
         <load_address>0x13b</load_address>
         <run_address>0x13b</run_address>
         <size>0x1c6</size>
         <input_file_ref idref="fl-2"/>
      </object_component>
      <object_component id="oc-fa">
         <name>.debug_pubtypes</name>
         <load_address>0x301</load_address>
         <run_address>0x301</run_address>
         <size>0x1d</size>
         <input_file_ref idref="fl-3a"/>
      </object_component>
   </object_component_list>
   <logical_group_list>
      <logical_group id="lg-2" display="no" color="cyan">
         <name>.bss</name>
         <run_address>0x0</run_address>
         <size>0x0</size>
         <contents>
         </contents>
      </logical_group>
      <logical_group id="lg-4" display="no" color="cyan">
         <name>.TI.noinit</name>
         <run_address>0x0</run_address>
         <size>0x0</size>
         <contents>
         </contents>
      </logical_group>
      <logical_group id="lg-5" display="no" color="cyan">
         <name>.sysmem</name>
         <run_address>0x0</run_address>
         <size>0x0</size>
         <contents>
         </contents>
      </logical_group>
      <logical_group id="lg-6" display="no" color="cyan">
         <name>.stack</name>
         <run_address>0x3b0</run_address>
         <size>0x50</size>
         <contents>
            <object_component_ref idref="oc-8c"/>
            <object_component_ref idref="oc-1bf"/>
         </contents>
      </logical_group>
      <logical_group id="lg-7" display="no" color="cyan">
         <name>.text</name>
         <load_address>0xc000</load_address>
         <run_address>0xc000</run_address>
         <size>0x252</size>
         <contents>
            <object_component_ref idref="oc-138"/>
            <object_component_ref idref="oc-dc"/>
            <object_component_ref idref="oc-12b"/>
            <object_component_ref idref="oc-131"/>
            <object_component_ref idref="oc-80"/>
            <object_component_ref idref="oc-13e"/>
            <object_component_ref idref="oc-90"/>
            <object_component_ref idref="oc-105"/>
            <object_component_ref idref="oc-aa"/>
            <object_component_ref idref="oc-bc"/>
            <object_component_ref idref="oc-e4"/>
            <object_component_ref idref="oc-af"/>
         </contents>
      </logical_group>
      <logical_group id="lg-8" display="no" color="cyan">
         <name>.cinit</name>
         <run_address>0x0</run_address>
         <size>0x0</size>
         <contents>
         </contents>
      </logical_group>
      <logical_group id="lg-9" display="no" color="cyan">
         <name>.const</name>
         <load_address>0xc252</load_address>
         <run_address>0xc252</run_address>
         <size>0x1e</size>
         <contents>
            <object_component_ref idref="oc-137"/>
            <object_component_ref idref="oc-125"/>
            <object_component_ref idref="oc-128"/>
         </contents>
      </logical_group>
      <logical_group id="lg-a" display="no" color="cyan">
         <name>.cio</name>
         <run_address>0x0</run_address>
         <size>0x0</size>
         <contents>
         </contents>
      </logical_group>
      <logical_group id="lg-b" display="no" color="cyan">
         <name>.pinit</name>
         <run_address>0x0</run_address>
         <size>0x0</size>
         <contents>
         </contents>
      </logical_group>
      <logical_group id="lg-c" display="no" color="cyan">
         <name>.init_array</name>
         <run_address>0x0</run_address>
         <size>0x0</size>
         <contents>
         </contents>
      </logical_group>
      <logical_group id="lg-d" display="no" color="cyan">
         <name>.mspabi.exidx</name>
         <run_address>0x0</run_address>
         <size>0x0</size>
         <contents>
         </contents>
      </logical_group>
      <logical_group id="lg-e" display="no" color="cyan">
         <name>.mspabi.extab</name>
         <run_address>0x0</run_address>
         <size>0x0</size>
         <contents>
         </contents>
      </logical_group>
      <logical_group id="lg-f" display="no" color="cyan">
         <name>.infoA</name>
         <run_address>0x0</run_address>
         <size>0x0</size>
         <contents>
         </contents>
      </logical_group>
      <logical_group id="lg-10" display="no" color="cyan">
         <name>.infoB</name>
         <run_address>0x0</run_address>
         <size>0x0</size>
         <contents>
         </contents>
      </logical_group>
      <logical_group id="lg-11" display="no" color="cyan">
         <name>.infoC</name>
         <run_address>0x0</run_address>
         <size>0x0</size>
         <contents>
         </contents>
      </logical_group>
      <logical_group id="lg-12" display="no" color="cyan">
         <name>.infoD</name>
         <run_address>0x0</run_address>
         <size>0x0</size>
         <contents>
         </contents>
      </logical_group>
      <logical_group id="lg-13" display="no" color="cyan">
         <name>TRAPINT</name>
         <load_address>0xffe0</load_address>
         <run_address>0xffe0</run_address>
         <size>0x2</size>
         <contents>
            <object_component_ref idref="oc-3d"/>
         </contents>
      </logical_group>
      <logical_group id="lg-15" display="no" color="cyan">
         <name>.int01</name>
         <run_address>0x0</run_address>
         <size>0x0</size>
         <contents>
         </contents>
      </logical_group>
      <logical_group id="lg-16" display="no" color="cyan">
         <name>PORT1</name>
         <load_address>0xffe4</load_address>
         <run_address>0xffe4</run_address>
         <size>0x2</size>
         <contents>
            <object_component_ref idref="oc-3e"/>
         </contents>
      </logical_group>
      <logical_group id="lg-18" display="no" color="cyan">
         <name>PORT2</name>
         <load_address>0xffe6</load_address>
         <run_address>0xffe6</run_address>
         <size>0x2</size>
         <contents>
            <object_component_ref idref="oc-3f"/>
         </contents>
      </logical_group>
      <logical_group id="lg-1a" display="no" color="cyan">
         <name>.int04</name>
         <run_address>0x0</run_address>
         <size>0x0</size>
         <contents>
         </contents>
      </logical_group>
      <logical_group id="lg-1b" display="no" color="cyan">
         <name>ADC10</name>
         <load_address>0xffea</load_address>
         <run_address>0xffea</run_address>
         <size>0x2</size>
         <contents>
            <object_component_ref idref="oc-40"/>
         </contents>
      </logical_group>
      <logical_group id="lg-1d" display="no" color="cyan">
         <name>USCIAB0TX</name>
         <load_address>0xffec</load_address>
         <run_address>0xffec</run_address>
         <size>0x2</size>
         <contents>
            <object_component_ref idref="oc-41"/>
         </contents>
      </logical_group>
      <logical_group id="lg-1f" display="no" color="cyan">
         <name>USCIAB0RX</name>
         <load_address>0xffee</load_address>
         <run_address>0xffee</run_address>
         <size>0x2</size>
         <contents>
            <object_component_ref idref="oc-42"/>
         </contents>
      </logical_group>
      <logical_group id="lg-21" display="no" color="cyan">
         <name>TIMER0_A1</name>
         <load_address>0xfff0</load_address>
         <run_address>0xfff0</run_address>
         <size>0x2</size>
         <contents>
            <object_component_ref idref="oc-43"/>
         </contents>
      </logical_group>
      <logical_group id="lg-23" display="no" color="cyan">
         <name>TIMER0_A0</name>
         <load_address>0xfff2</load_address>
         <run_address>0xfff2</run_address>
         <size>0x2</size>
         <contents>
            <object_component_ref idref="oc-44"/>
         </contents>
      </logical_group>
      <logical_group id="lg-25" display="no" color="cyan">
         <name>WDT</name>
         <load_address>0xfff4</load_address>
         <run_address>0xfff4</run_address>
         <size>0x2</size>
         <contents>
            <object_component_ref idref="oc-45"/>
         </contents>
      </logical_group>
      <logical_group id="lg-27" display="no" color="cyan">
         <name>COMPARATORA</name>
         <load_address>0xfff6</load_address>
         <run_address>0xfff6</run_address>
         <size>0x2</size>
         <contents>
            <object_component_ref idref="oc-46"/>
         </contents>
      </logical_group>
      <logical_group id="lg-29" display="no" color="cyan">
         <name>TIMER1_A1</name>
         <load_address>0xfff8</load_address>
         <run_address>0xfff8</run_address>
         <size>0x2</size>
         <contents>
            <object_component_ref idref="oc-47"/>
         </contents>
      </logical_group>
      <logical_group id="lg-2b" display="no" color="cyan">
         <name>TIMER1_A0</name>
         <load_address>0xfffa</load_address>
         <run_address>0xfffa</run_address>
         <size>0x2</size>
         <contents>
            <object_component_ref idref="oc-48"/>
         </contents>
      </logical_group>
      <logical_group id="lg-2d" display="no" color="cyan">
         <name>NMI</name>
         <load_address>0xfffc</load_address>
         <run_address>0xfffc</run_address>
         <size>0x2</size>
         <contents>
            <object_component_ref idref="oc-49"/>
         </contents>
      </logical_group>
      <logical_group id="lg-2f" display="no" color="cyan">
         <name>.reset</name>
         <load_address>0xfffe</load_address>
         <run_address>0xfffe</run_address>
         <size>0x2</size>
         <contents>
            <object_component_ref idref="oc-8f"/>
         </contents>
      </logical_group>
      <logical_group id="lg-18b" display="no" color="cyan">
         <name>.TI.persistent</name>
         <run_address>0x0</run_address>
         <size>0x0</size>
         <contents>
         </contents>
      </logical_group>
      <logical_group id="lg-3" display="no" color="cyan">
         <name>.data</name>
         <run_address>0x0</run_address>
         <size>0x0</size>
         <contents>
         </contents>
      </logical_group>
      <logical_group id="lg-18a" display="no" color="cyan">
         <name>DATA_GROUP</name>
         <run_address>0x0</run_address>
         <size>0x0</size>
         <contents>
            <logical_group_ref idref="lg-18b"/>
            <logical_group_ref idref="lg-3"/>
         </contents>
      </logical_group>
      <logical_group id="lg-1ae" display="never" color="cyan">
         <name>.debug_info</name>
         <load_address>0x0</load_address>
         <run_address>0x0</run_address>
         <size>0x2732</size>
         <contents>
            <object_component_ref idref="oc-145"/>
            <object_component_ref idref="oc-126"/>
            <object_component_ref idref="oc-129"/>
            <object_component_ref idref="oc-139"/>
            <object_component_ref idref="oc-dd"/>
            <object_component_ref idref="oc-b0"/>
            <object_component_ref idref="oc-17c"/>
            <object_component_ref idref="oc-f2"/>
            <object_component_ref idref="oc-173"/>
            <object_component_ref idref="oc-170"/>
            <object_component_ref idref="oc-12f"/>
            <object_component_ref idref="oc-179"/>
            <object_component_ref idref="oc-140"/>
            <object_component_ref idref="oc-135"/>
            <object_component_ref idref="oc-8d"/>
            <object_component_ref idref="oc-83"/>
            <object_component_ref idref="oc-f9"/>
            <object_component_ref idref="oc-106"/>
            <object_component_ref idref="oc-e8"/>
            <object_component_ref idref="oc-ad"/>
            <object_component_ref idref="oc-f8"/>
            <object_component_ref idref="oc-94"/>
            <object_component_ref idref="oc-c0"/>
            <object_component_ref idref="oc-1c0"/>
         </contents>
      </logical_group>
      <logical_group id="lg-1b0" display="never" color="cyan">
         <name>.debug_line</name>
         <load_address>0x0</load_address>
         <run_address>0x0</run_address>
         <size>0x987</size>
         <contents>
            <object_component_ref idref="oc-17b"/>
            <object_component_ref idref="oc-16c"/>
            <object_component_ref idref="oc-16e"/>
            <object_component_ref idref="oc-13c"/>
            <object_component_ref idref="oc-e0"/>
            <object_component_ref idref="oc-b3"/>
            <object_component_ref idref="oc-17f"/>
            <object_component_ref idref="oc-f5"/>
            <object_component_ref idref="oc-176"/>
            <object_component_ref idref="oc-187"/>
            <object_component_ref idref="oc-12e"/>
            <object_component_ref idref="oc-189"/>
            <object_component_ref idref="oc-142"/>
            <object_component_ref idref="oc-133"/>
            <object_component_ref idref="oc-f1"/>
            <object_component_ref idref="oc-85"/>
            <object_component_ref idref="oc-fc"/>
            <object_component_ref idref="oc-109"/>
            <object_component_ref idref="oc-e7"/>
            <object_component_ref idref="oc-ac"/>
            <object_component_ref idref="oc-149"/>
            <object_component_ref idref="oc-91"/>
            <object_component_ref idref="oc-bf"/>
         </contents>
      </logical_group>
      <logical_group id="lg-1b2" display="never" color="cyan">
         <name>.debug_frame</name>
         <load_address>0x0</load_address>
         <run_address>0x0</run_address>
         <size>0x2d4</size>
         <contents>
            <object_component_ref idref="oc-13d"/>
            <object_component_ref idref="oc-e1"/>
            <object_component_ref idref="oc-b4"/>
            <object_component_ref idref="oc-12c"/>
            <object_component_ref idref="oc-143"/>
            <object_component_ref idref="oc-132"/>
            <object_component_ref idref="oc-81"/>
            <object_component_ref idref="oc-e5"/>
            <object_component_ref idref="oc-93"/>
            <object_component_ref idref="oc-bd"/>
         </contents>
      </logical_group>
      <logical_group id="lg-1b4" display="never" color="cyan">
         <name>.debug_abbrev</name>
         <load_address>0x0</load_address>
         <run_address>0x0</run_address>
         <size>0x6f4</size>
         <contents>
            <object_component_ref idref="oc-17a"/>
            <object_component_ref idref="oc-16b"/>
            <object_component_ref idref="oc-16d"/>
            <object_component_ref idref="oc-172"/>
            <object_component_ref idref="oc-144"/>
            <object_component_ref idref="oc-10e"/>
            <object_component_ref idref="oc-17e"/>
            <object_component_ref idref="oc-f4"/>
            <object_component_ref idref="oc-175"/>
            <object_component_ref idref="oc-186"/>
            <object_component_ref idref="oc-16f"/>
            <object_component_ref idref="oc-188"/>
            <object_component_ref idref="oc-178"/>
            <object_component_ref idref="oc-171"/>
            <object_component_ref idref="oc-f0"/>
            <object_component_ref idref="oc-ee"/>
            <object_component_ref idref="oc-fb"/>
            <object_component_ref idref="oc-14a"/>
            <object_component_ref idref="oc-147"/>
            <object_component_ref idref="oc-10d"/>
            <object_component_ref idref="oc-148"/>
            <object_component_ref idref="oc-f7"/>
            <object_component_ref idref="oc-111"/>
            <object_component_ref idref="oc-1c1"/>
         </contents>
      </logical_group>
      <logical_group id="lg-1b6" display="never" color="cyan">
         <name>.debug_str</name>
         <load_address>0x0</load_address>
         <run_address>0x0</run_address>
         <size>0x695</size>
         <contents>
            <object_component_ref idref="oc-180"/>
            <object_component_ref idref="oc-f6"/>
            <object_component_ref idref="oc-177"/>
            <object_component_ref idref="oc-fd"/>
         </contents>
      </logical_group>
      <logical_group id="lg-1b8" display="never" color="cyan">
         <name>.debug_aranges</name>
         <load_address>0x0</load_address>
         <run_address>0x0</run_address>
         <size>0x180</size>
         <contents>
            <object_component_ref idref="oc-13a"/>
            <object_component_ref idref="oc-de"/>
            <object_component_ref idref="oc-b1"/>
            <object_component_ref idref="oc-12d"/>
            <object_component_ref idref="oc-13f"/>
            <object_component_ref idref="oc-134"/>
            <object_component_ref idref="oc-82"/>
            <object_component_ref idref="oc-107"/>
            <object_component_ref idref="oc-e6"/>
            <object_component_ref idref="oc-ab"/>
            <object_component_ref idref="oc-92"/>
            <object_component_ref idref="oc-be"/>
         </contents>
      </logical_group>
      <logical_group id="lg-1ba" display="never" color="cyan">
         <name>.debug_pubnames</name>
         <load_address>0x0</load_address>
         <run_address>0x0</run_address>
         <size>0x21e</size>
         <contents>
            <object_component_ref idref="oc-146"/>
            <object_component_ref idref="oc-127"/>
            <object_component_ref idref="oc-12a"/>
            <object_component_ref idref="oc-13b"/>
            <object_component_ref idref="oc-df"/>
            <object_component_ref idref="oc-b2"/>
            <object_component_ref idref="oc-130"/>
            <object_component_ref idref="oc-141"/>
            <object_component_ref idref="oc-136"/>
            <object_component_ref idref="oc-8e"/>
            <object_component_ref idref="oc-84"/>
            <object_component_ref idref="oc-108"/>
            <object_component_ref idref="oc-e9"/>
            <object_component_ref idref="oc-ae"/>
            <object_component_ref idref="oc-95"/>
            <object_component_ref idref="oc-c1"/>
         </contents>
      </logical_group>
      <logical_group id="lg-1bc" display="never" color="cyan">
         <name>.debug_pubtypes</name>
         <load_address>0x0</load_address>
         <run_address>0x0</run_address>
         <size>0x31e</size>
         <contents>
            <object_component_ref idref="oc-17d"/>
            <object_component_ref idref="oc-f3"/>
            <object_component_ref idref="oc-174"/>
            <object_component_ref idref="oc-fa"/>
         </contents>
      </logical_group>
      <load_segment id="lg-1c3" display="no" color="cyan">
         <name>SEGMENT_0</name>
         <run_address>0x3b0</run_address>
         <size>0x50</size>
         <flags>0x6</flags>
         <contents>
            <logical_group_ref idref="lg-6"/>
         </contents>
      </load_segment>
      <load_segment id="lg-1c4" display="no" color="cyan">
         <name>SEGMENT_1</name>
         <load_address>0xc000</load_address>
         <run_address>0xc000</run_address>
         <size>0x270</size>
         <flags>0x5</flags>
         <contents>
            <logical_group_ref idref="lg-7"/>
            <logical_group_ref idref="lg-9"/>
         </contents>
      </load_segment>
      <load_segment id="lg-1c5" display="no" color="cyan">
         <name>SEGMENT_2</name>
         <load_address>0xffe0</load_address>
         <run_address>0xffe0</run_address>
         <size>0x2</size>
         <flags>0x4</flags>
         <contents>
            <logical_group_ref idref="lg-13"/>
         </contents>
      </load_segment>
      <load_segment id="lg-1c6" display="no" color="cyan">
         <name>SEGMENT_3</name>
         <load_address>0xffe4</load_address>
         <run_address>0xffe4</run_address>
         <size>0x4</size>
         <flags>0x4</flags>
         <contents>
            <logical_group_ref idref="lg-16"/>
            <logical_group_ref idref="lg-18"/>
         </contents>
      </load_segment>
      <load_segment id="lg-1c7" display="no" color="cyan">
         <name>SEGMENT_4</name>
         <load_address>0xffea</load_address>
         <run_address>0xffea</run_address>
         <size>0x16</size>
         <flags>0x4</flags>
         <contents>
            <logical_group_ref idref="lg-1b"/>
            <logical_group_ref idref="lg-1d"/>
            <logical_group_ref idref="lg-1f"/>
            <logical_group_ref idref="lg-21"/>
            <logical_group_ref idref="lg-23"/>
            <logical_group_ref idref="lg-25"/>
            <logical_group_ref idref="lg-27"/>
            <logical_group_ref idref="lg-29"/>
            <logical_group_ref idref="lg-2b"/>
            <logical_group_ref idref="lg-2d"/>
            <logical_group_ref idref="lg-2f"/>
         </contents>
      </load_segment>
   </logical_group_list>
   <placement_map>
      <memory_area display="no" color="green">
         <name>SFR</name>
         <page_id>0x0</page_id>
         <origin>0x0</origin>
         <length>0x10</length>
         <used_space>0x0</used_space>
         <unused_space>0x10</unused_space>
         <attributes>RWIX</attributes>
         <usage_details>
         </usage_details>
      </memory_area>
      <memory_area display="yes" color="green">
         <name>PERIPHERALS_8BIT</name>
         <page_id>0x0</page_id>
         <origin>0x10</origin>
         <length>0xf0</length>
         <used_space>0x0</used_space>
         <unused_space>0xf0</unused_space>
         <attributes>RWIX</attributes>
         <usage_details>
         </usage_details>
      </memory_area>
      <memory_area display="yes" color="green">
         <name>PERIPHERALS_16BIT</name>
         <page_id>0x0</page_id>
         <origin>0x100</origin>
         <length>0x100</length>
         <used_space>0x0</used_space>
         <unused_space>0x100</unused_space>
         <attributes>RWIX</attributes>
         <usage_details>
         </usage_details>
      </memory_area>
      <memory_area display="yes" color="green">
         <name>RAM</name>
         <page_id>0x0</page_id>
         <origin>0x200</origin>
         <length>0x200</length>
         <used_space>0x50</used_space>
         <unused_space>0x1b0</unused_space>
         <attributes>RWIX</attributes>
         <usage_details>
            <available_space>
               <start_address>0x200</start_address>
               <size>0x1b0</size>
            </available_space>
            <allocated_space>
               <start_address>0x3b0</start_address>
               <size>0x50</size>
               <logical_group_ref idref="lg-6"/>
            </allocated_space>
         </usage_details>
      </memory_area>
      <memory_area display="no" color="green">
         <name>INFOD</name>
         <page_id>0x0</page_id>
         <origin>0x1000</origin>
         <length>0x40</length>
         <used_space>0x0</used_space>
         <unused_space>0x40</unused_space>
         <attributes>RWIX</attributes>
         <usage_details>
         </usage_details>
      </memory_area>
      <memory_area display="no" color="green">
         <name>INFOC</name>
         <page_id>0x0</page_id>
         <origin>0x1040</origin>
         <length>0x40</length>
         <used_space>0x0</used_space>
         <unused_space>0x40</unused_space>
         <attributes>RWIX</attributes>
         <usage_details>
         </usage_details>
      </memory_area>
      <memory_area display="no" color="green">
         <name>INFOB</name>
         <page_id>0x0</page_id>
         <origin>0x1080</origin>
         <length>0x40</length>
         <used_space>0x0</used_space>
         <unused_space>0x40</unused_space>
         <attributes>RWIX</attributes>
         <usage_details>
         </usage_details>
      </memory_area>
      <memory_area display="no" color="green">
         <name>INFOA</name>
         <page_id>0x0</page_id>
         <origin>0x10c0</origin>
         <length>0x40</length>
         <used_space>0x0</used_space>
         <unused_space>0x40</unused_space>
         <attributes>RWIX</attributes>
         <usage_details>
         </usage_details>
      </memory_area>
      <memory_area display="yes" color="green">
         <name>FLASH</name>
         <page_id>0x0</page_id>
         <origin>0xc000</origin>
         <length>0x3fe0</length>
         <used_space>0x270</used_space>
         <unused_space>0x3d70</unused_space>
         <attributes>RWIX</attributes>
         <usage_details>
            <allocated_space>
               <start_address>0xc000</start_address>
               <size>0x252</size>
               <logical_group_ref idref="lg-7"/>
            </allocated_space>
            <allocated_space>
               <start_address>0xc252</start_address>
               <size>0x1e</size>
               <logical_group_ref idref="lg-9"/>
            </allocated_space>
            <available_space>
               <start_address>0xc270</start_address>
               <size>0x3d70</size>
            </available_space>
         </usage_details>
      </memory_area>
      <memory_area display="no" color="green">
         <name>INT00</name>
         <page_id>0x0</page_id>
         <origin>0xffe0</origin>
         <length>0x2</length>
         <used_space>0x2</used_space>
         <unused_space>0x0</unused_space>
         <attributes>RWIX</attributes>
         <usage_details>
            <allocated_space>
               <start_address>0xffe0</start_address>
               <size>0x2</size>
               <logical_group_ref idref="lg-13"/>
            </allocated_space>
         </usage_details>
      </memory_area>
      <memory_area display="no" color="green">
         <name>INT01</name>
         <page_id>0x0</page_id>
         <origin>0xffe2</origin>
         <length>0x2</length>
         <used_space>0x0</used_space>
         <unused_space>0x2</unused_space>
         <attributes>RWIX</attributes>
         <usage_details>
         </usage_details>
      </memory_area>
      <memory_area display="no" color="green">
         <name>INT02</name>
         <page_id>0x0</page_id>
         <origin>0xffe4</origin>
         <length>0x2</length>
         <used_space>0x2</used_space>
         <unused_space>0x0</unused_space>
         <attributes>RWIX</attributes>
         <usage_details>
            <allocated_space>
               <start_address>0xffe4</start_address>
               <size>0x2</size>
               <logical_group_ref idref="lg-16"/>
            </allocated_space>
         </usage_details>
      </memory_area>
      <memory_area display="no" color="green">
         <name>INT03</name>
         <page_id>0x0</page_id>
         <origin>0xffe6</origin>
         <length>0x2</length>
         <used_space>0x2</used_space>
         <unused_space>0x0</unused_space>
         <attributes>RWIX</attributes>
         <usage_details>
            <allocated_space>
               <start_address>0xffe6</start_address>
               <size>0x2</size>
               <logical_group_ref idref="lg-18"/>
            </allocated_space>
         </usage_details>
      </memory_area>
      <memory_area display="no" color="green">
         <name>INT04</name>
         <page_id>0x0</page_id>
         <origin>0xffe8</origin>
         <length>0x2</length>
         <used_space>0x0</used_space>
         <unused_space>0x2</unused_space>
         <attributes>RWIX</attributes>
         <usage_details>
         </usage_details>
      </memory_area>
      <memory_area display="no" color="green">
         <name>INT05</name>
         <page_id>0x0</page_id>
         <origin>0xffea</origin>
         <length>0x2</length>
         <used_space>0x2</used_space>
         <unused_space>0x0</unused_space>
         <attributes>RWIX</attributes>
         <usage_details>
            <allocated_space>
               <start_address>0xffea</start_address>
               <size>0x2</size>
               <logical_group_ref idref="lg-1b"/>
            </allocated_space>
         </usage_details>
      </memory_area>
      <memory_area display="no" color="green">
         <name>INT06</name>
         <page_id>0x0</page_id>
         <origin>0xffec</origin>
         <length>0x2</length>
         <used_space>0x2</used_space>
         <unused_space>0x0</unused_space>
         <attributes>RWIX</attributes>
         <usage_details>
            <allocated_space>
               <start_address>0xffec</start_address>
               <size>0x2</size>
               <logical_group_ref idref="lg-1d"/>
            </allocated_space>
         </usage_details>
      </memory_area>
      <memory_area display="no" color="green">
         <name>INT07</name>
         <page_id>0x0</page_id>
         <origin>0xffee</origin>
         <length>0x2</length>
         <used_space>0x2</used_space>
         <unused_space>0x0</unused_space>
         <attributes>RWIX</attributes>
         <usage_details>
            <allocated_space>
               <start_address>0xffee</start_address>
               <size>0x2</size>
               <logical_group_ref idref="lg-1f"/>
            </allocated_space>
         </usage_details>
      </memory_area>
      <memory_area display="no" color="green">
         <name>INT08</name>
         <page_id>0x0</page_id>
         <origin>0xfff0</origin>
         <length>0x2</length>
         <used_space>0x2</used_space>
         <unused_space>0x0</unused_space>
         <attributes>RWIX</attributes>
         <usage_details>
            <allocated_space>
               <start_address>0xfff0</start_address>
               <size>0x2</size>
               <logical_group_ref idref="lg-21"/>
            </allocated_space>
         </usage_details>
      </memory_area>
      <memory_area display="no" color="green">
         <name>INT09</name>
         <page_id>0x0</page_id>
         <origin>0xfff2</origin>
         <length>0x2</length>
         <used_space>0x2</used_space>
         <unused_space>0x0</unused_space>
         <attributes>RWIX</attributes>
         <usage_details>
            <allocated_space>
               <start_address>0xfff2</start_address>
               <size>0x2</size>
               <logical_group_ref idref="lg-23"/>
            </allocated_space>
         </usage_details>
      </memory_area>
      <memory_area display="no" color="green">
         <name>INT10</name>
         <page_id>0x0</page_id>
         <origin>0xfff4</origin>
         <length>0x2</length>
         <used_space>0x2</used_space>
         <unused_space>0x0</unused_space>
         <attributes>RWIX</attributes>
         <usage_details>
            <allocated_space>
               <start_address>0xfff4</start_address>
               <size>0x2</size>
               <logical_group_ref idref="lg-25"/>
            </allocated_space>
         </usage_details>
      </memory_area>
      <memory_area display="no" color="green">
         <name>INT11</name>
         <page_id>0x0</page_id>
         <origin>0xfff6</origin>
         <length>0x2</length>
         <used_space>0x2</used_space>
         <unused_space>0x0</unused_space>
         <attributes>RWIX</attributes>
         <usage_details>
            <allocated_space>
               <start_address>0xfff6</start_address>
               <size>0x2</size>
               <logical_group_ref idref="lg-27"/>
            </allocated_space>
         </usage_details>
      </memory_area>
      <memory_area display="no" color="green">
         <name>INT12</name>
         <page_id>0x0</page_id>
         <origin>0xfff8</origin>
         <length>0x2</length>
         <used_space>0x2</used_space>
         <unused_space>0x0</unused_space>
         <attributes>RWIX</attributes>
         <usage_details>
            <allocated_space>
               <start_address>0xfff8</start_address>
               <size>0x2</size>
               <logical_group_ref idref="lg-29"/>
            </allocated_space>
         </usage_details>
      </memory_area>
      <memory_area display="no" color="green">
         <name>INT13</name>
         <page_id>0x0</page_id>
         <origin>0xfffa</origin>
         <length>0x2</length>
         <used_space>0x2</used_space>
         <unused_space>0x0</unused_space>
         <attributes>RWIX</attributes>
         <usage_details>
            <allocated_space>
               <start_address>0xfffa</start_address>
               <size>0x2</size>
               <logical_group_ref idref="lg-2b"/>
            </allocated_space>
         </usage_details>
      </memory_area>
      <memory_area display="no" color="green">
         <name>INT14</name>
         <page_id>0x0</page_id>
         <origin>0xfffc</origin>
         <length>0x2</length>
         <used_space>0x2</used_space>
         <unused_space>0x0</unused_space>
         <attributes>RWIX</attributes>
         <usage_details>
            <allocated_space>
               <start_address>0xfffc</start_address>
               <size>0x2</size>
               <logical_group_ref idref="lg-2d"/>
            </allocated_space>
         </usage_details>
      </memory_area>
      <memory_area display="no" color="green">
         <name>RESET</name>
         <page_id>0x0</page_id>
         <origin>0xfffe</origin>
         <length>0x2</length>
         <used_space>0x2</used_space>
         <unused_space>0x0</unused_space>
         <attributes>RWIX</attributes>
         <usage_details>
            <allocated_space>
               <start_address>0xfffe</start_address>
               <size>0x2</size>
               <logical_group_ref idref="lg-2f"/>
            </allocated_space>
         </usage_details>
      </memory_area>
   </placement_map>
   <symbol_table>
      <symbol id="sm-1">
         <name>IE1</name>
         <value>0x0</value>
      </symbol>
      <symbol id="sm-2">
         <name>IFG1</name>
         <value>0x2</value>
      </symbol>
      <symbol id="sm-3">
         <name>IE2</name>
         <value>0x1</value>
      </symbol>
      <symbol id="sm-4">
         <name>IFG2</name>
         <value>0x3</value>
      </symbol>
      <symbol id="sm-5">
         <name>ADC10DTC0</name>
         <value>0x48</value>
      </symbol>
      <symbol id="sm-6">
         <name>ADC10DTC1</name>
         <value>0x49</value>
      </symbol>
      <symbol id="sm-7">
         <name>ADC10AE0</name>
         <value>0x4a</value>
      </symbol>
      <symbol id="sm-8">
         <name>ADC10CTL0</name>
         <value>0x1b0</value>
      </symbol>
      <symbol id="sm-9">
         <name>ADC10CTL1</name>
         <value>0x1b2</value>
      </symbol>
      <symbol id="sm-a">
         <name>ADC10MEM</name>
         <value>0x1b4</value>
      </symbol>
      <symbol id="sm-b">
         <name>ADC10SA</name>
         <value>0x1bc</value>
      </symbol>
      <symbol id="sm-c">
         <name>DCOCTL</name>
         <value>0x56</value>
      </symbol>
      <symbol id="sm-d">
         <name>BCSCTL1</name>
         <value>0x57</value>
      </symbol>
      <symbol id="sm-e">
         <name>BCSCTL2</name>
         <value>0x58</value>
      </symbol>
      <symbol id="sm-f">
         <name>BCSCTL3</name>
         <value>0x53</value>
      </symbol>
      <symbol id="sm-10">
         <name>CACTL1</name>
         <value>0x59</value>
      </symbol>
      <symbol id="sm-11">
         <name>CACTL2</name>
         <value>0x5a</value>
      </symbol>
      <symbol id="sm-12">
         <name>CAPD</name>
         <value>0x5b</value>
      </symbol>
      <symbol id="sm-13">
         <name>FCTL1</name>
         <value>0x128</value>
      </symbol>
      <symbol id="sm-14">
         <name>FCTL2</name>
         <value>0x12a</value>
      </symbol>
      <symbol id="sm-15">
         <name>FCTL3</name>
         <value>0x12c</value>
      </symbol>
      <symbol id="sm-16">
         <name>P1IN</name>
         <value>0x20</value>
      </symbol>
      <symbol id="sm-17">
         <name>P1OUT</name>
         <value>0x21</value>
      </symbol>
      <symbol id="sm-18">
         <name>P1DIR</name>
         <value>0x22</value>
      </symbol>
      <symbol id="sm-19">
         <name>P1IFG</name>
         <value>0x23</value>
      </symbol>
      <symbol id="sm-1a">
         <name>P1IES</name>
         <value>0x24</value>
      </symbol>
      <symbol id="sm-1b">
         <name>P1IE</name>
         <value>0x25</value>
      </symbol>
      <symbol id="sm-1c">
         <name>P1SEL</name>
         <value>0x26</value>
      </symbol>
      <symbol id="sm-1d">
         <name>P1SEL2</name>
         <value>0x41</value>
      </symbol>
      <symbol id="sm-1e">
         <name>P1REN</name>
         <value>0x27</value>
      </symbol>
      <symbol id="sm-1f">
         <name>P2IN</name>
         <value>0x28</value>
      </symbol>
      <symbol id="sm-20">
         <name>P2OUT</name>
         <value>0x29</value>
      </symbol>
      <symbol id="sm-21">
         <name>P2DIR</name>
         <value>0x2a</value>
      </symbol>
      <symbol id="sm-22">
         <name>P2IFG</name>
         <value>0x2b</value>
      </symbol>
      <symbol id="sm-23">
         <name>P2IES</name>
         <value>0x2c</value>
      </symbol>
      <symbol id="sm-24">
         <name>P2IE</name>
         <value>0x2d</value>
      </symbol>
      <symbol id="sm-25">
         <name>P2SEL</name>
         <value>0x2e</value>
      </symbol>
      <symbol id="sm-26">
         <name>P2SEL2</name>
         <value>0x42</value>
      </symbol>
      <symbol id="sm-27">
         <name>P2REN</name>
         <value>0x2f</value>
      </symbol>
      <symbol id="sm-28">
         <name>P3IN</name>
         <value>0x18</value>
      </symbol>
      <symbol id="sm-29">
         <name>P3OUT</name>
         <value>0x19</value>
      </symbol>
      <symbol id="sm-2a">
         <name>P3DIR</name>
         <value>0x1a</value>
      </symbol>
      <symbol id="sm-2b">
         <name>P3SEL</name>
         <value>0x1b</value>
      </symbol>
      <symbol id="sm-2c">
         <name>P3SEL2</name>
         <value>0x43</value>
      </symbol>
      <symbol id="sm-2d">
         <name>P3REN</name>
         <value>0x10</value>
      </symbol>
      <symbol id="sm-2e">
         <name>TA0IV</name>
         <value>0x12e</value>
      </symbol>
      <symbol id="sm-2f">
         <name>TA0CTL</name>
         <value>0x160</value>
      </symbol>
      <symbol id="sm-30">
         <name>TA0CCTL0</name>
         <value>0x162</value>
      </symbol>
      <symbol id="sm-31">
         <name>TA0CCTL1</name>
         <value>0x164</value>
      </symbol>
      <symbol id="sm-32">
         <name>TA0CCTL2</name>
         <value>0x166</value>
      </symbol>
      <symbol id="sm-33">
         <name>TA0R</name>
         <value>0x170</value>
      </symbol>
      <symbol id="sm-34">
         <name>TA0CCR0</name>
         <value>0x172</value>
      </symbol>
      <symbol id="sm-35">
         <name>TA0CCR1</name>
         <value>0x174</value>
      </symbol>
      <symbol id="sm-36">
         <name>TA0CCR2</name>
         <value>0x176</value>
      </symbol>
      <symbol id="sm-37">
         <name>TA1IV</name>
         <value>0x11e</value>
      </symbol>
      <symbol id="sm-38">
         <name>TA1CTL</name>
         <value>0x180</value>
      </symbol>
      <symbol id="sm-39">
         <name>TA1CCTL0</name>
         <value>0x182</value>
      </symbol>
      <symbol id="sm-3a">
         <name>TA1CCTL1</name>
         <value>0x184</value>
      </symbol>
      <symbol id="sm-3b">
         <name>TA1CCTL2</name>
         <value>0x186</value>
      </symbol>
      <symbol id="sm-3c">
         <name>TA1R</name>
         <value>0x190</value>
      </symbol>
      <symbol id="sm-3d">
         <name>TA1CCR0</name>
         <value>0x192</value>
      </symbol>
      <symbol id="sm-3e">
         <name>TA1CCR1</name>
         <value>0x194</value>
      </symbol>
      <symbol id="sm-3f">
         <name>TA1CCR2</name>
         <value>0x196</value>
      </symbol>
      <symbol id="sm-40">
         <name>UCA0CTL0</name>
         <value>0x60</value>
      </symbol>
      <symbol id="sm-41">
         <name>UCA0CTL1</name>
         <value>0x61</value>
      </symbol>
      <symbol id="sm-42">
         <name>UCA0BR0</name>
         <value>0x62</value>
      </symbol>
      <symbol id="sm-43">
         <name>UCA0BR1</name>
         <value>0x63</value>
      </symbol>
      <symbol id="sm-44">
         <name>UCA0MCTL</name>
         <value>0x64</value>
      </symbol>
      <symbol id="sm-45">
         <name>UCA0STAT</name>
         <value>0x65</value>
      </symbol>
      <symbol id="sm-46">
         <name>UCA0RXBUF</name>
         <value>0x66</value>
      </symbol>
      <symbol id="sm-47">
         <name>UCA0TXBUF</name>
         <value>0x67</value>
      </symbol>
      <symbol id="sm-48">
         <name>UCA0ABCTL</name>
         <value>0x5d</value>
      </symbol>
      <symbol id="sm-49">
         <name>UCA0IRTCTL</name>
         <value>0x5e</value>
      </symbol>
      <symbol id="sm-4a">
         <name>UCA0IRRCTL</name>
         <value>0x5f</value>
      </symbol>
      <symbol id="sm-4b">
         <name>UCB0CTL0</name>
         <value>0x68</value>
      </symbol>
      <symbol id="sm-4c">
         <name>UCB0CTL1</name>
         <value>0x69</value>
      </symbol>
      <symbol id="sm-4d">
         <name>UCB0BR0</name>
         <value>0x6a</value>
      </symbol>
      <symbol id="sm-4e">
         <name>UCB0BR1</name>
         <value>0x6b</value>
      </symbol>
      <symbol id="sm-4f">
         <name>UCB0I2CIE</name>
         <value>0x6c</value>
      </symbol>
      <symbol id="sm-50">
         <name>UCB0STAT</name>
         <value>0x6d</value>
      </symbol>
      <symbol id="sm-51">
         <name>UCB0RXBUF</name>
         <value>0x6e</value>
      </symbol>
      <symbol id="sm-52">
         <name>UCB0TXBUF</name>
         <value>0x6f</value>
      </symbol>
      <symbol id="sm-53">
         <name>UCB0I2COA</name>
         <value>0x118</value>
      </symbol>
      <symbol id="sm-54">
         <name>UCB0I2CSA</name>
         <value>0x11a</value>
      </symbol>
      <symbol id="sm-55">
         <name>WDTCTL</name>
         <value>0x120</value>
      </symbol>
      <symbol id="sm-56">
         <name>CALDCO_16MHZ</name>
         <value>0x10f8</value>
      </symbol>
      <symbol id="sm-57">
         <name>CALBC1_16MHZ</name>
         <value>0x10f9</value>
      </symbol>
      <symbol id="sm-58">
         <name>CALDCO_12MHZ</name>
         <value>0x10fa</value>
      </symbol>
      <symbol id="sm-59">
         <name>CALBC1_12MHZ</name>
         <value>0x10fb</value>
      </symbol>
      <symbol id="sm-5a">
         <name>CALDCO_8MHZ</name>
         <value>0x10fc</value>
      </symbol>
      <symbol id="sm-5b">
         <name>CALBC1_8MHZ</name>
         <value>0x10fd</value>
      </symbol>
      <symbol id="sm-5c">
         <name>CALDCO_1MHZ</name>
         <value>0x10fe</value>
      </symbol>
      <symbol id="sm-5d">
         <name>CALBC1_1MHZ</name>
         <value>0x10ff</value>
      </symbol>
      <symbol id="sm-5e">
         <name>TLV_CHECKSUM</name>
         <value>0x10c0</value>
      </symbol>
      <symbol id="sm-5f">
         <name>TLV_DCO_30_TAG</name>
         <value>0x10f6</value>
      </symbol>
      <symbol id="sm-60">
         <name>TLV_DCO_30_LEN</name>
         <value>0x10f7</value>
      </symbol>
      <symbol id="sm-61">
         <name>TLV_ADC10_1_TAG</name>
         <value>0x10da</value>
      </symbol>
      <symbol id="sm-62">
         <name>TLV_ADC10_1_LEN</name>
         <value>0x10db</value>
      </symbol>
      <symbol id="sm-63">
         <name>binit</name>
         <value>0xffffffff</value>
      </symbol>
      <symbol id="sm-64">
         <name>__binit__</name>
         <value>0xffffffff</value>
      </symbol>
      <symbol id="sm-65">
         <name>__STACK_SIZE</name>
         <value>0x50</value>
      </symbol>
      <symbol id="sm-66">
         <name>__STACK_END</name>
         <value>0x400</value>
      </symbol>
      <symbol id="sm-67">
         <name>__c_args__</name>
         <value>0xffffffff</value>
      </symbol>
      <symbol id="sm-ce">
         <name>strEncoder</name>
         <value>0xc000</value>
         <object_component_ref idref="oc-138"/>
      </symbol>
      <symbol id="sm-cf">
         <name>__TI_int06</name>
         <value>0xffec</value>
         <object_component_ref idref="oc-41"/>
      </symbol>
      <symbol id="sm-d0">
         <name>main</name>
         <value>0xc11e</value>
         <object_component_ref idref="oc-dc"/>
      </symbol>
      <symbol id="sm-d1">
         <name>USCIAB0TX_ISR</name>
         <value>0xc250</value>
         <object_component_ref idref="oc-af"/>
      </symbol>
      <symbol id="sm-e1">
         <name>clkSetup</name>
         <value>0xc198</value>
         <object_component_ref idref="oc-12b"/>
      </symbol>
      <symbol id="sm-ef">
         <name>gpioToggle</name>
         <value>0xc20e</value>
         <object_component_ref idref="oc-13e"/>
      </symbol>
      <symbol id="sm-fc">
         <name>wdtSetup</name>
         <value>0xc1e0</value>
         <object_component_ref idref="oc-131"/>
      </symbol>
      <symbol id="sm-106">
         <name>_stack</name>
         <value>0x3b0</value>
         <object_component_ref idref="oc-8c"/>
      </symbol>
      <symbol id="sm-107">
         <name>_reset_vector</name>
         <value>0xfffe</value>
         <object_component_ref idref="oc-8f"/>
      </symbol>
      <symbol id="sm-111">
         <name>_c_int00_noinit_noargs_noexit</name>
         <value>0xc1fc</value>
         <object_component_ref idref="oc-80"/>
      </symbol>
      <symbol id="sm-124">
         <name>__mspabi_func_epilog_2</name>
         <value>0xc23c</value>
         <object_component_ref idref="oc-105"/>
      </symbol>
      <symbol id="sm-125">
         <name>__mspabi_func_epilog_3</name>
         <value>0xc23a</value>
         <object_component_ref idref="oc-105"/>
      </symbol>
      <symbol id="sm-126">
         <name>__mspabi_func_epilog_1</name>
         <value>0xc23e</value>
         <object_component_ref idref="oc-105"/>
      </symbol>
      <symbol id="sm-127">
         <name>__mspabi_func_epilog_6</name>
         <value>0xc234</value>
         <object_component_ref idref="oc-105"/>
      </symbol>
      <symbol id="sm-128">
         <name>__mspabi_func_epilog_7</name>
         <value>0xc232</value>
         <object_component_ref idref="oc-105"/>
      </symbol>
      <symbol id="sm-129">
         <name>__mspabi_func_epilog_4</name>
         <value>0xc238</value>
         <object_component_ref idref="oc-105"/>
      </symbol>
      <symbol id="sm-12a">
         <name>__mspabi_func_epilog_5</name>
         <value>0xc236</value>
         <object_component_ref idref="oc-105"/>
      </symbol>
      <symbol id="sm-135">
         <name>C$$EXIT</name>
         <value>0xc24c</value>
         <object_component_ref idref="oc-e4"/>
      </symbol>
      <symbol id="sm-136">
         <name>abort</name>
         <value>0xc24c</value>
         <object_component_ref idref="oc-e4"/>
      </symbol>
      <symbol id="sm-13a">
         <name>__TI_int00</name>
         <value>0xffe0</value>
         <object_component_ref idref="oc-3d"/>
      </symbol>
      <symbol id="sm-13d">
         <name>__TI_int02</name>
         <value>0xffe4</value>
         <object_component_ref idref="oc-3e"/>
      </symbol>
      <symbol id="sm-140">
         <name>__TI_int03</name>
         <value>0xffe6</value>
         <object_component_ref idref="oc-3f"/>
      </symbol>
      <symbol id="sm-143">
         <name>__TI_int05</name>
         <value>0xffea</value>
         <object_component_ref idref="oc-40"/>
      </symbol>
      <symbol id="sm-146">
         <name>__TI_int07</name>
         <value>0xffee</value>
         <object_component_ref idref="oc-42"/>
      </symbol>
      <symbol id="sm-149">
         <name>__TI_int08</name>
         <value>0xfff0</value>
         <object_component_ref idref="oc-43"/>
      </symbol>
      <symbol id="sm-14c">
         <name>__TI_int09</name>
         <value>0xfff2</value>
         <object_component_ref idref="oc-44"/>
      </symbol>
      <symbol id="sm-14f">
         <name>__TI_int10</name>
         <value>0xfff4</value>
         <object_component_ref idref="oc-45"/>
      </symbol>
      <symbol id="sm-152">
         <name>__TI_int11</name>
         <value>0xfff6</value>
         <object_component_ref idref="oc-46"/>
      </symbol>
      <symbol id="sm-155">
         <name>__TI_int12</name>
         <value>0xfff8</value>
         <object_component_ref idref="oc-47"/>
      </symbol>
      <symbol id="sm-158">
         <name>__TI_int13</name>
         <value>0xfffa</value>
         <object_component_ref idref="oc-48"/>
      </symbol>
      <symbol id="sm-15b">
         <name>__TI_int14</name>
         <value>0xfffc</value>
         <object_component_ref idref="oc-49"/>
      </symbol>
      <symbol id="sm-163">
         <name>__TI_ISR_TRAP</name>
         <value>0xc242</value>
         <object_component_ref idref="oc-aa"/>
      </symbol>
      <symbol id="sm-171">
         <name>memcpy</name>
         <value>0xc220</value>
         <object_component_ref idref="oc-90"/>
      </symbol>
      <symbol id="sm-17c">
         <name>_system_pre_init</name>
         <value>0xc248</value>
         <object_component_ref idref="oc-bc"/>
      </symbol>
   </symbol_table>
   <title>Link successful</title>
</link_info>
